primaryKey,Attribute,Value
165153,pac,80
165153,sho,88
165153,pas,83
165153,dri,87
165153,def,39
165153,phy,78
188545,pac,75
188545,sho,91
188545,pas,79
188545,dri,86
188545,def,44
188545,phy,83
231747,pac,97
231747,sho,89
231747,pas,80
231747,dri,92
231747,def,36
231747,phy,76
192985,pac,74
192985,sho,88
192985,pas,93
192985,dri,87
192985,def,64
192985,phy,77
158023,pac,81
158023,sho,89
158023,pas,90
158023,dri,94
158023,def,34
158023,phy,64
209331,pac,90
209331,sho,89
209331,pas,82
209331,dri,90
209331,def,45
209331,phy,75
203376,pac,81
203376,sho,60
203376,pas,71
203376,dri,72
203376,def,91
203376,phy,86
20801,pac,81
20801,sho,92
20801,pas,78
20801,dri,85
20801,def,34
20801,phy,75
192119,pac,84
192119,sho,89
192119,pas,75
192119,dri,90
192119,def,46
192119,phy,89
167495,pac,87
167495,sho,88
167495,pas,91
167495,dri,88
167495,def,56
167495,phy,91
190871,pac,87
190871,sho,83
190871,pas,85
190871,dri,93
190871,def,37
190871,phy,61
200104,pac,88
200104,sho,89
200104,pas,82
200104,dri,86
200104,def,42
200104,phy,69
208722,pac,90
208722,sho,83
208722,pas,80
208722,dri,88
208722,def,44
208722,phy,77
212622,pac,68
212622,sho,72
212622,pas,87
212622,dri,84
212622,def,83
212622,phy,79
200145,pac,63
200145,sho,73
200145,pas,75
200145,dri,72
200145,def,87
200145,phy,90
212831,pac,86
212831,sho,85
212831,pas,85
212831,dri,89
212831,def,54
212831,phy,90
202126,pac,68
202126,sho,91
202126,pas,83
202126,dri,82
202126,def,47
202126,phy,82
210257,pac,87
210257,sho,82
210257,pas,93
210257,dri,88
210257,def,64
210257,phy,88
215914,pac,72
215914,sho,66
215914,pas,74
215914,dri,81
215914,def,87
215914,phy,82
200389,pac,86
200389,sho,90
200389,pas,78
200389,dri,89
200389,def,49
200389,phy,87
239085,pac,89
239085,sho,91
239085,pas,65
239085,dri,80
239085,def,49
239085,phy,87
182521,pac,53
182521,sho,81
182521,pas,90
182521,dri,81
182521,def,71
182521,phy,68
207865,pac,79
207865,sho,56
207865,pas,75
207865,dri,74
207865,def,89
207865,phy,80
177003,pac,73
177003,sho,76
177003,pas,89
177003,dri,88
177003,def,72
177003,phy,66
210514,pac,85
210514,sho,73
210514,pas,85
210514,dri,85
210514,def,81
210514,phy,73
239818,pac,63
239818,sho,39
239818,pas,66
239818,dri,68
239818,def,88
239818,phy,88
230621,pac,90
230621,sho,83
230621,pas,79
230621,dri,89
230621,def,52
230621,phy,85
218667,pac,77
218667,sho,78
218667,pas,84
218667,dri,92
218667,def,61
218667,phy,68
192448,pac,86
192448,sho,85
192448,pas,87
192448,dri,90
192448,def,47
192448,phy,85
193041,pac,89
193041,sho,84
193041,pas,75
193041,dri,89
193041,def,54
193041,phy,87
209499,pac,66
209499,sho,69
209499,pas,78
209499,dri,77
209499,def,86
209499,phy,83
189596,pac,69
189596,sho,84
189596,pas,83
189596,dri,80
189596,def,56
189596,phy,71
231866,pac,58
231866,sho,72
231866,pas,78
231866,dri,79
231866,def,83
231866,phy,84
215698,pac,85
215698,sho,82
215698,pas,85
215698,dri,89
215698,def,51
215698,phy,85
205452,pac,82
205452,sho,53
205452,pas,71
205452,dri,67
205452,def,86
205452,phy,85
216267,pac,80
216267,sho,61
216267,pas,81
216267,dri,81
216267,def,82
216267,phy,76
201024,pac,82
201024,sho,33
201024,pas,59
201024,dri,68
201024,def,88
201024,phy,85
228702,pac,82
228702,sho,69
228702,pas,86
228702,dri,87
228702,def,77
228702,phy,78
199556,pac,60
199556,sho,61
199556,pas,87
199556,dri,91
199556,def,79
199556,phy,66
209658,pac,78
209658,sho,82
209658,pas,82
209658,dri,83
209658,def,81
209658,phy,86
231281,pac,76
231281,sho,69
231281,pas,89
231281,dri,80
231281,def,80
231281,phy,73
167948,pac,88
167948,sho,83
167948,pas,74
167948,dri,88
167948,def,61
167948,phy,84
193080,pac,88
193080,sho,80
193080,pas,76
193080,dri,89
193080,def,51
193080,phy,84
238794,pac,95
238794,sho,79
238794,pas,74
238794,dri,90
238794,def,29
238794,phy,67
232411,pac,88
232411,sho,81
232411,pas,83
232411,dri,88
232411,def,65
232411,phy,66
231478,pac,83
231478,sho,83
231478,pas,72
231478,dri,85
231478,def,48
231478,phy,84
234642,pac,84
234642,sho,82
234642,pas,81
234642,dri,88
234642,def,34
234642,phy,85
211110,pac,80
211110,sho,85
211110,pas,85
211110,dri,90
211110,def,40
211110,phy,59
212218,pac,61
212218,sho,50
212218,pas,72
212218,dri,69
212218,def,86
212218,phy,79
202652,pac,90
202652,sho,80
202652,pas,78
202652,dri,86
202652,def,45
202652,phy,67
188943,pac,84
188943,sho,82
188943,pas,79
188943,dri,87
188943,def,46
188943,phy,85
204485,pac,80
204485,sho,83
204485,pas,81
204485,dri,90
204485,def,38
204485,phy,60
192387,pac,85
192387,sho,87
192387,pas,68
192387,dri,80
192387,def,39
192387,phy,75
189509,pac,61
189509,sho,72
189509,pas,87
189509,dri,90
189509,def,72
189509,phy,69
213345,pac,92
213345,sho,77
213345,pas,79
213345,dri,87
213345,def,30
213345,phy,62
192505,pac,80
192505,sho,85
192505,pas,75
192505,dri,77
192505,def,38
192505,phy,82
223848,pac,68
223848,sho,80
223848,pas,82
223848,dri,82
223848,def,79
223848,phy,86
164240,pac,49
164240,sho,54
164240,pas,73
164240,dri,72
164240,def,87
164240,phy,76
224232,pac,79
224232,sho,76
224232,pas,83
224232,dri,84
224232,def,77
224232,phy,81
212198,pac,72
212198,sho,86
212198,pas,88
212198,dri,81
212198,def,67
212198,phy,76
216352,pac,69
216352,sho,74
216352,pas,81
216352,dri,81
216352,def,81
216352,phy,78
189513,pac,50
189513,sho,83
189513,pas,90
189513,dri,80
189513,def,71
189513,phy,68
197445,pac,79
197445,sho,71
197445,pas,83
197445,dri,80
197445,def,85
197445,phy,77
232363,pac,78
232363,sho,41
232363,pas,57
232363,dri,69
232363,def,88
232363,phy,86
186153,pac,86
186153,sho,81
186153,pas,73
186153,dri,87
186153,def,49
186153,phy,86
186942,pac,64
186942,sho,80
186942,pas,85
186942,dri,85
186942,def,72
186942,phy,72
232656,pac,93
232656,sho,72
232656,pas,76
232656,dri,81
232656,def,78
232656,phy,83
177683,pac,78
177683,sho,81
177683,pas,82
177683,dri,90
177683,def,50
177683,phy,86
237692,pac,82
237692,sho,78
237692,pas,81
237692,dri,88
237692,def,56
237692,phy,60
224458,pac,85
224458,sho,83
224458,pas,75
224458,dri,85
224458,def,57
224458,phy,77
234236,pac,78
234236,sho,83
234236,pas,71
234236,dri,83
234236,def,36
234236,phy,76
195864,pac,67
195864,sho,80
195864,pas,85
195864,dri,85
195864,def,62
195864,phy,80
208093,pac,78
208093,sho,86
208093,pas,77
208093,dri,83
208093,def,46
208093,phy,72
205498,pac,54
205498,sho,67
205498,pas,86
205498,dri,81
205498,def,73
205498,phy,73
188350,pac,70
188350,sho,84
188350,pas,84
188350,dri,85
188350,def,53
188350,phy,65
192629,pac,82
192629,sho,85
192629,pas,79
192629,dri,86
192629,def,35
192629,phy,63
188377,pac,91
188377,sho,63
188377,pas,77
188377,dri,78
188377,def,80
188377,phy,82
212190,pac,71
212190,sho,48
212190,pas,66
212190,dri,59
212190,def,85
212190,phy,83
208574,pac,84
208574,sho,78
208574,pas,82
208574,dri,82
208574,def,68
208574,phy,80
251854,pac,79
251854,sho,67
251854,pas,81
251854,dri,87
251854,def,68
251854,phy,73
208830,pac,84
208830,sho,84
208830,pas,70
208830,dri,79
208830,def,52
208830,phy,72
206113,pac,82
206113,sho,84
206113,pas,79
206113,dri,85
206113,def,43
206113,phy,69
235243,pac,75
235243,sho,59
235243,pas,61
235243,dri,69
235243,def,84
235243,phy,87
189332,pac,84
189332,sho,70
189332,pas,82
189332,dri,82
189332,def,77
189332,phy,70
202556,pac,83
202556,sho,84
202556,pas,82
202556,dri,86
202556,def,30
202556,phy,79
216594,pac,83
216594,sho,82
216594,pas,82
216594,dri,87
216594,def,38
216594,phy,80
189511,pac,42
189511,sho,62
189511,pas,79
189511,dri,79
189511,def,82
189511,phy,73
185122,pac,85
185122,sho,84
185122,pas,76
185122,dri,85
185122,def,43
185122,phy,83
188567,pac,87
188567,sho,84
188567,pas,74
188567,dri,79
188567,def,36
188567,phy,68
208418,pac,89
208418,sho,82
208418,pas,80
208418,dri,87
208418,def,53
208418,phy,67
224334,pac,76
224334,sho,74
224334,pas,83
224334,dri,87
224334,def,80
224334,phy,83
242444,pac,83
242444,sho,80
242444,pas,81
242444,dri,88
242444,def,40
242444,phy,67
252371,pac,75
252371,sho,75
252371,pas,78
252371,dri,84
252371,def,77
252371,phy,80
222665,pac,76
222665,sho,75
222665,pas,86
222665,dri,84
222665,def,58
222665,phy,63
246430,pac,80
246430,sho,85
246430,pas,66
246430,dri,78
246430,def,28
246430,phy,79
199451,pac,81
199451,sho,84
199451,pas,78
199451,dri,88
199451,def,39
199451,phy,68
233064,pac,74
233064,sho,81
233064,pas,85
233064,dri,82
233064,def,55
233064,phy,67
235212,pac,92
235212,sho,75
235212,pas,79
235212,dri,80
235212,def,75
235212,phy,78
234378,pac,71
234378,sho,64
234378,pas,74
234378,dri,76
234378,def,82
234378,phy,83
206517,pac,76
206517,sho,76
206517,pas,83
206517,dri,87
206517,def,46
206517,phy,69
241486,pac,84
241486,sho,45
241486,pas,64
241486,dri,74
241486,def,85
241486,phy,78
230142,pac,80
230142,sho,83
230142,pas,81
230142,dri,84
230142,def,41
230142,phy,62
239053,pac,87
239053,sho,74
239053,pas,79
239053,dri,79
239053,def,78
239053,phy,80
226161,pac,88
226161,sho,79
226161,pas,81
226161,dri,82
226161,def,78
226161,phy,81
230938,pac,78
230938,sho,76
230938,pas,74
230938,dri,79
230938,def,82
230938,phy,87
212616,pac,78
212616,sho,77
212616,pas,83
212616,dri,82
212616,def,75
212616,phy,81
241096,pac,81
241096,sho,73
241096,pas,81
241096,dri,79
241096,def,79
241096,phy,82
228251,pac,79
228251,sho,77
228251,pas,83
228251,dri,84
228251,def,74
228251,phy,78
181458,pac,78
181458,sho,81
181458,pas,79
181458,dri,82
181458,def,74
181458,phy,78
240130,pac,86
240130,sho,50
240130,pas,70
240130,dri,72
240130,def,85
240130,phy,82
190286,pac,83
190286,sho,79
190286,pas,85
190286,dri,82
190286,def,68
190286,phy,71
235805,pac,91
235805,sho,81
235805,pas,76
235805,dri,86
235805,def,48
235805,phy,73
220814,pac,77
220814,sho,54
220814,pas,70
220814,dri,71
220814,def,84
220814,phy,80
209989,pac,65
209989,sho,71
209989,pas,81
209989,dri,80
209989,def,80
209989,phy,83
238074,pac,81
238074,sho,70
238074,pas,82
238074,dri,82
238074,def,80
238074,phy,82
202811,pac,85
202811,sho,83
202811,pas,82
202811,dri,85
202811,def,58
202811,phy,83
155862,pac,61
155862,sho,69
155862,pas,73
155862,dri,70
155862,def,83
155862,phy,77
234396,pac,94
234396,sho,66
234396,pas,77
234396,dri,85
234396,def,76
234396,phy,77
183898,pac,79
183898,sho,79
183898,pas,84
183898,dri,87
183898,def,48
183898,phy,67
207410,pac,70
207410,sho,69
207410,pas,83
207410,dri,88
207410,def,71
207410,phy,71
241084,pac,91
241084,sho,80
241084,pas,75
241084,dri,87
241084,def,34
241084,phy,73
176580,pac,70
176580,sho,86
176580,pas,78
176580,dri,78
176580,def,46
176580,phy,81
199434,pac,68
199434,sho,81
199434,pas,86
199434,dri,84
199434,def,43
199434,phy,77
201535,pac,81
201535,sho,49
201535,pas,64
201535,dri,66
201535,def,85
201535,phy,80
178603,pac,53
178603,sho,59
178603,pas,76
178603,dri,72
178603,def,87
178603,phy,78
208128,pac,67
208128,sho,80
208128,pas,85
208128,dri,86
208128,def,68
208128,phy,64
216393,pac,56
216393,sho,80
216393,pas,86
216393,dri,81
216393,def,70
216393,phy,73
232756,pac,86
232756,sho,40
232756,pas,60
232756,dri,66
232756,def,86
232756,phy,81
192984,pac,84
192984,sho,82
192984,pas,79
192984,dri,86
192984,def,45
192984,phy,84
183277,pac,83
183277,sho,80
183277,pas,82
183277,dri,87
183277,def,35
183277,phy,63
237383,pac,73
237383,sho,35
237383,pas,69
237383,dri,71
237383,def,86
237383,phy,82
184344,pac,54
184344,sho,59
184344,pas,69
184344,dri,71
184344,def,85
184344,phy,78
241721,pac,91
241721,sho,77
241721,pas,73
241721,dri,86
241721,def,27
241721,phy,74
189575,pac,81
189575,sho,77
189575,pas,82
189575,dri,87
189575,def,51
189575,phy,61
222492,pac,88
222492,sho,81
222492,pas,80
222492,dri,85
222492,def,38
222492,phy,66
197061,pac,61
197061,sho,46
197061,pas,69
197061,dri,71
197061,def,87
197061,phy,78
226790,pac,66
226790,sho,62
226790,pas,68
226790,dri,73
226790,def,85
226790,phy,83
210935,pac,82
210935,sho,81
210935,pas,81
210935,dri,86
210935,def,36
210935,phy,71
235790,pac,81
235790,sho,79
235790,pas,79
235790,dri,84
235790,def,45
235790,phy,66
198176,pac,68
198176,sho,41
198176,pas,65
198176,dri,69
198176,def,87
198176,phy,79
204963,pac,82
204963,sho,54
204963,pas,77
204963,dri,80
204963,def,78
204963,phy,79
233049,pac,81
233049,sho,74
233049,pas,81
233049,dri,89
233049,def,36
233049,phy,59
241852,pac,93
241852,sho,73
241852,pas,75
241852,dri,87
241852,def,42
241852,phy,59
209981,pac,84
209981,sho,81
209981,pas,76
209981,dri,86
209981,def,36
209981,phy,84
186345,pac,70
186345,sho,64
186345,pas,82
186345,dri,77
186345,def,80
186345,phy,72
175943,pac,83
175943,sho,82
175943,pas,80
175943,dri,88
175943,def,34
175943,phy,49
198219,pac,84
198219,sho,78
198219,pas,84
198219,dri,89
198219,def,36
198219,phy,45
180930,pac,63
180930,sho,84
180930,pas,71
180930,dri,77
180930,def,45
180930,phy,75
162835,pac,80
162835,sho,80
162835,pas,65
162835,dri,85
162835,def,43
162835,phy,90
143076,pac,86
143076,sho,78
143076,pas,83
143076,dri,85
143076,def,39
143076,phy,54
138956,pac,65
138956,sho,46
138956,pas,60
138956,dri,58
138956,def,85
138956,phy,83
204639,pac,64
204639,sho,35
204639,pas,58
204639,dri,58
204639,def,87
204639,phy,80
225193,pac,73
225193,sho,78
225193,pas,81
225193,dri,82
225193,def,82
225193,phy,81
214997,pac,85
214997,sho,84
214997,pas,77
214997,dri,87
214997,def,50
214997,phy,74
225375,pac,84
225375,sho,68
225375,pas,78
225375,dri,79
225375,def,81
225375,phy,78
233419,pac,91
233419,sho,79
233419,pas,77
233419,dri,85
233419,def,50
233419,phy,73
194765,pac,80
194765,sho,82
194765,pas,83
194765,dri,85
194765,def,52
194765,phy,72
201942,pac,74
201942,sho,76
201942,pas,79
201942,dri,87
201942,def,59
201942,phy,78
234153,pac,80
234153,sho,77
234153,pas,83
234153,dri,80
234153,def,71
234153,phy,72
213565,pac,82
213565,sho,78
213565,pas,83
213565,dri,87
213565,def,68
213565,phy,64
193747,pac,70
193747,sho,72
193747,pas,84
193747,dri,79
193747,def,78
193747,phy,79
193082,pac,90
193082,sho,75
193082,pas,78
193082,dri,87
193082,def,76
193082,phy,72
183711,pac,66
183711,sho,74
183711,pas,83
183711,dri,78
183711,def,78
183711,phy,81
242516,pac,87
242516,sho,82
242516,pas,77
242516,dri,84
242516,def,41
242516,phy,74
228618,pac,92
228618,sho,64
228618,pas,77
228618,dri,78
228618,def,78
228618,phy,84
210406,pac,81
210406,sho,76
210406,pas,81
210406,dri,86
210406,def,70
210406,phy,62
203574,pac,72
203574,sho,51
203574,pas,71
203574,dri,75
203574,def,84
203574,phy,77
225850,pac,80
225850,sho,43
225850,pas,68
225850,dri,69
225850,def,83
225850,phy,86
230666,pac,84
230666,sho,82
230666,pas,74
230666,dri,86
230666,def,40
230666,phy,74
210315,pac,77
210315,sho,84
210315,pas,77
210315,dri,83
210315,def,40
210315,phy,78
208670,pac,76
208670,sho,77
208670,pas,87
208670,dri,83
208670,def,50
208670,phy,65
226271,pac,61
226271,sho,79
226271,pas,80
226271,dri,83
226271,def,74
226271,phy,72
232293,pac,90
232293,sho,82
232293,pas,65
232293,dri,78
232293,def,40
232293,phy,81
253163,pac,77
253163,sho,51
253163,pas,65
253163,dri,61
253163,def,83
253163,phy,83
220651,pac,78
220651,sho,71
220651,pas,82
220651,dri,84
220651,def,76
220651,phy,70
224293,pac,58
224293,sho,74
224293,pas,86
224293,dri,77
224293,def,76
224293,phy,73
213648,pac,55
213648,sho,73
213648,pas,77
213648,dri,77
213648,def,80
213648,phy,82
220834,pac,82
220834,sho,80
220834,pas,81
220834,dri,83
220834,def,43
220834,phy,62
210243,pac,79
210243,sho,67
210243,pas,79
210243,dri,81
210243,def,80
210243,phy,73
219693,pac,76
219693,sho,47
219693,pas,63
219693,dri,67
219693,def,82
219693,phy,82
152729,pac,56
152729,sho,61
152729,pas,71
152729,dri,68
152729,def,84
152729,phy,77
231443,pac,93
231443,sho,77
231443,pas,79
231443,dri,87
231443,def,36
231443,phy,56
184134,pac,65
184134,sho,62
184134,pas,76
184134,dri,73
184134,def,83
184134,phy,81
230869,pac,82
230869,sho,79
230869,pas,77
230869,dri,85
230869,def,49
230869,phy,85
193698,pac,83
193698,sho,82
193698,pas,79
193698,dri,84
193698,def,49
193698,phy,79
241464,pac,73
241464,sho,38
241464,pas,67
241464,dri,70
241464,def,84
241464,phy,81
239580,pac,78
239580,sho,50
239580,pas,56
239580,dri,65
239580,def,84
239580,phy,79
146536,pac,85
146536,sho,68
146536,pas,82
146536,dri,81
146536,def,79
146536,phy,57
215333,pac,78
215333,sho,82
215333,pas,63
215333,dri,79
215333,def,35
215333,phy,85
232488,pac,73
232488,sho,46
232488,pas,57
232488,dri,65
232488,def,85
232488,phy,82
163587,pac,81
163587,sho,78
163587,pas,79
163587,dri,86
163587,def,45
163587,phy,81
235073,pac,84
235073,sho,80
235073,pas,74
235073,dri,88
235073,def,43
235073,phy,79
216460,pac,71
216460,sho,46
216460,pas,57
216460,dri,60
216460,def,85
216460,phy,83
190941,pac,84
190941,sho,77
190941,pas,69
190941,dri,87
190941,def,40
190941,phy,82
198706,pac,54
198706,sho,75
198706,pas,86
198706,dri,83
198706,def,57
198706,phy,57
168542,pac,61
168542,sho,72
168542,pas,86
168542,dri,85
168542,def,52
168542,phy,53
208333,pac,80
208333,sho,78
208333,pas,77
208333,dri,80
208333,def,82
208333,phy,87
231969,pac,76
231969,sho,81
231969,pas,83
231969,dri,81
231969,def,64
231969,phy,80
202648,pac,82
202648,sho,74
202648,pas,82
202648,dri,83
202648,def,74
202648,phy,77
201455,pac,68
201455,sho,75
201455,pas,77
201455,dri,76
201455,def,81
201455,phy,88
226754,pac,77
226754,sho,68
226754,pas,80
226754,dri,86
226754,def,77
226754,phy,76
212523,pac,80
212523,sho,82
212523,pas,78
212523,dri,83
212523,def,52
212523,phy,75
233927,pac,72
233927,sho,78
233927,pas,79
233927,dri,85
233927,def,69
233927,phy,78
241637,pac,70
241637,sho,70
241637,pas,79
241637,dri,78
241637,def,81
241637,phy,82
247819,pac,76
247819,sho,56
247819,pas,66
247819,dri,72
247819,def,84
247819,phy,78
253072,pac,89
253072,sho,82
253072,pas,68
253072,dri,77
253072,def,42
253072,phy,86
184200,pac,78
184200,sho,82
184200,pas,79
184200,dri,79
184200,def,44
184200,phy,82
200610,pac,70
200610,sho,85
200610,pas,79
200610,dri,80
200610,def,46
200610,phy,84
198717,pac,91
198717,sho,79
198717,pas,73
198717,dri,86
198717,def,37
198717,phy,76
226753,pac,81
226753,sho,80
226753,pas,86
226753,dri,83
226753,def,61
226753,phy,80
184432,pac,64
184432,sho,55
184432,pas,76
184432,dri,72
184432,def,84
184432,phy,76
204838,pac,73
204838,sho,81
204838,pas,76
204838,dri,80
204838,def,47
204838,phy,82
223697,pac,82
223697,sho,75
223697,pas,74
223697,dri,79
223697,def,77
223697,phy,80
222077,pac,63
222077,sho,72
222077,pas,79
222077,dri,78
222077,def,79
222077,phy,79
246669,pac,84
246669,sho,74
246669,pas,78
246669,dri,83
246669,def,65
246669,phy,65
255475,pac,93
255475,sho,74
255475,pas,75
255475,dri,86
255475,def,39
255475,phy,69
204935,pac,84
204935,sho,77
204935,pas,87
204935,dri,87
204935,def,51
204935,phy,80
224411,pac,86
224411,sho,83
224411,pas,74
224411,dri,83
224411,def,38
224411,phy,70
210411,pac,78
210411,sho,69
210411,pas,80
210411,dri,85
210411,def,63
210411,phy,71
228941,pac,74
228941,sho,83
228941,pas,70
228941,dri,82
228941,def,47
228941,phy,78
183512,pac,81
183512,sho,68
183512,pas,76
183512,dri,76
183512,def,79
183512,phy,82
210035,pac,87
210035,sho,65
210035,pas,81
210035,dri,83
210035,def,74
210035,phy,71
199482,pac,84
199482,sho,78
199482,pas,71
199482,dri,86
199482,def,63
199482,phy,80
201305,pac,67
201305,sho,49
201305,pas,71
201305,dri,65
201305,def,84
201305,phy,83
207862,pac,60
207862,sho,59
207862,pas,71
207862,dri,66
207862,def,84
207862,phy,79
217870,pac,85
217870,sho,66
217870,pas,73
217870,dri,77
217870,def,78
217870,phy,80
236401,pac,84
236401,sho,66
236401,pas,77
236401,dri,82
236401,def,76
236401,phy,74
200458,pac,78
200458,sho,69
200458,pas,80
200458,dri,79
200458,def,77
200458,phy,76
204525,pac,71
204525,sho,56
204525,pas,67
204525,dri,61
204525,def,82
204525,phy,80
193474,pac,67
193474,sho,66
193474,pas,72
193474,dri,78
193474,def,83
193474,phy,76
215316,pac,82
215316,sho,79
215316,pas,80
215316,dri,83
215316,def,54
215316,phy,81
168651,pac,53
168651,sho,80
168651,pas,86
168651,dri,78
168651,def,75
168651,phy,68
216547,pac,91
216547,sho,73
216547,pas,75
216547,dri,86
216547,def,50
216547,phy,52
241461,pac,84
241461,sho,79
241461,pas,79
241461,dri,83
241461,def,35
241461,phy,67
233096,pac,83
233096,sho,63
233096,pas,70
233096,dri,73
233096,def,78
233096,phy,89
178005,pac,82
178005,sho,80
178005,pas,77
178005,dri,83
178005,def,55
178005,phy,80
202884,pac,91
202884,sho,64
202884,pas,73
202884,dri,80
202884,def,78
202884,phy,69
199110,pac,89
199110,sho,83
199110,pas,74
199110,dri,86
199110,def,27
199110,phy,67
200724,pac,75
200724,sho,37
200724,pas,69
200724,dri,70
200724,def,82
200724,phy,80
212188,pac,90
212188,sho,80
212188,pas,69
212188,dri,82
212188,def,35
212188,phy,69
233934,pac,83
233934,sho,77
233934,pas,85
233934,dri,84
233934,def,48
233934,phy,78
209889,pac,74
209889,sho,77
209889,pas,86
209889,dri,87
209889,def,75
209889,phy,55
236276,pac,88
236276,sho,81
236276,pas,75
236276,dri,82
236276,def,42
236276,phy,68
231352,pac,83
231352,sho,81
231352,pas,66
231352,dri,78
231352,def,36
231352,phy,80
200260,pac,80
200260,sho,82
200260,pas,83
200260,dri,82
200260,def,40
200260,phy,69
220697,pac,73
220697,sho,78
220697,pas,84
220697,dri,85
220697,def,54
220697,phy,62
211688,pac,83
211688,sho,61
211688,pas,76
211688,dri,80
211688,def,78
211688,phy,73
184087,pac,57
184087,sho,55
184087,pas,70
184087,dri,67
184087,def,85
184087,phy,75
227127,pac,83
227127,sho,76
227127,pas,79
227127,dri,84
227127,def,42
227127,phy,85
164835,pac,82
164835,sho,82
164835,pas,71
164835,dri,82
164835,def,49
164835,phy,83
216354,pac,71
216354,sho,81
216354,pas,79
216354,dri,85
216354,def,30
216354,phy,72
197655,pac,68
197655,sho,49
197655,pas,55
197655,dri,62
197655,def,84
197655,phy,87
256630,pac,78
256630,sho,73
256630,pas,80
256630,dri,86
256630,def,51
256630,phy,60
229984,pac,76
229984,sho,60
229984,pas,78
229984,dri,78
229984,def,78
229984,phy,75
199845,pac,62
199845,sho,50
199845,pas,64
199845,dri,64
199845,def,85
199845,phy,78
205693,pac,65
205693,sho,80
205693,pas,62
205693,dri,74
205693,def,52
205693,phy,82
179645,pac,62
179645,sho,54
179645,pas,64
179645,dri,60
179645,def,84
179645,phy,78
227796,pac,87
227796,sho,71
227796,pas,73
227796,dri,86
227796,def,37
227796,phy,59
223952,pac,82
223952,sho,81
223952,pas,73
223952,dri,83
223952,def,43
223952,phy,81
212194,pac,67
212194,sho,78
212194,pas,82
212194,dri,85
212194,def,48
212194,phy,65
197781,pac,65
197781,sho,75
197781,pas,80
197781,dri,88
197781,def,59
197781,phy,58
177388,pac,70
177388,sho,78
177388,pas,84
177388,dri,83
177388,def,40
177388,phy,65
244260,pac,67
244260,sho,76
244260,pas,81
244260,dri,86
244260,def,50
244260,phy,60
189242,pac,62
189242,sho,79
189242,pas,80
189242,dri,88
189242,def,52
189242,phy,59
213661,pac,68
213661,sho,32
213661,pas,66
213661,dri,70
213661,def,84
213661,phy,74
213331,pac,67
213331,sho,37
213331,pas,59
213331,dri,61
213331,def,83
213331,phy,85
226221,pac,64
226221,sho,39
226221,pas,65
226221,dri,62
226221,def,82
226221,phy,78
41236,pac,58
41236,sho,85
41236,pas,76
41236,dri,77
41236,def,34
41236,phy,72
190460,pac,61
190460,sho,78
190460,pas,88
190460,dri,80
190460,def,53
190460,phy,52
178509,pac,42
178509,sho,83
178509,pas,72
178509,dri,73
178509,def,42
178509,phy,78
204638,pac,57
204638,sho,36
204638,pas,53
204638,dri,56
204638,def,84
204638,phy,81
157481,pac,38
157481,sho,41
157481,pas,62
157481,dri,63
157481,def,85
157481,phy,71
205632,pac,80
205632,sho,81
205632,pas,77
205632,dri,82
205632,def,62
205632,phy,83
239301,pac,72
239301,sho,60
239301,pas,76
239301,dri,77
239301,def,82
239301,phy,83
238067,pac,87
238067,sho,75
238067,pas,72
238067,dri,82
238067,def,62
238067,phy,83
214097,pac,76
214097,sho,77
214097,pas,83
214097,dri,81
214097,def,66
214097,phy,76
251517,pac,82
251517,sho,54
251517,pas,69
251517,dri,74
251517,def,80
251517,phy,83
214047,pac,75
214047,sho,76
214047,pas,75
214047,dri,79
214047,def,80
214047,phy,82
236791,pac,74
236791,sho,79
236791,pas,80
236791,dri,81
236791,def,65
236791,phy,75
193165,pac,82
193165,sho,65
193165,pas,80
193165,dri,86
193165,def,73
193165,phy,67
227236,pac,78
227236,sho,68
227236,pas,71
227236,dri,81
227236,def,80
227236,phy,84
229261,pac,82
229261,sho,64
229261,pas,73
229261,dri,77
229261,def,80
229261,phy,85
247394,pac,78
247394,sho,77
247394,pas,79
247394,dri,83
247394,def,56
247394,phy,76
236403,pac,80
236403,sho,51
236403,pas,71
236403,dri,73
236403,def,81
236403,phy,79
173731,pac,80
173731,sho,84
173731,pas,81
173731,dri,79
173731,def,55
173731,phy,69
216320,pac,73
216320,sho,74
216320,pas,75
216320,dri,80
216320,def,73
216320,phy,85
231943,pac,82
231943,sho,79
231943,pas,72
231943,dri,82
231943,def,53
231943,phy,79
198141,pac,71
198141,sho,61
198141,pas,73
198141,dri,73
198141,def,81
198141,phy,74
219683,pac,69
219683,sho,78
219683,pas,77
219683,dri,79
219683,def,77
219683,phy,77
172871,pac,69
172871,sho,62
172871,pas,72
172871,dri,67
172871,def,83
172871,phy,78
216201,pac,94
216201,sho,78
216201,pas,72
216201,dri,78
216201,def,38
216201,phy,83
229237,pac,77
229237,sho,48
229237,pas,70
229237,dri,74
229237,def,83
229237,phy,78
223273,pac,75
223273,sho,79
223273,pas,76
223273,dri,80
223273,def,67
223273,phy,77
193283,pac,72
193283,sho,71
193283,pas,74
193283,dri,73
193283,def,82
193283,phy,81
226226,pac,71
226226,sho,75
226226,pas,83
226226,dri,84
226226,def,68
226226,phy,72
240950,pac,76
240950,sho,80
240950,pas,80
240950,dri,84
240950,def,56
240950,phy,64
223959,pac,72
223959,sho,70
223959,pas,76
223959,dri,80
223959,def,78
223959,phy,76
212242,pac,63
212242,sho,76
212242,pas,76
212242,dri,73
212242,def,79
212242,phy,85
236480,pac,72
236480,sho,68
236480,pas,75
236480,dri,79
236480,def,80
236480,phy,77
211748,pac,69
211748,sho,76
211748,pas,81
211748,dri,82
211748,def,71
211748,phy,72
192883,pac,82
192883,sho,79
192883,pas,78
192883,dri,83
192883,def,56
192883,phy,72
231677,pac,87
231677,sho,82
231677,pas,75
231677,dri,81
231677,def,41
231677,phy,71
247851,pac,69
247851,sho,67
247851,pas,79
247851,dri,81
247851,def,76
247851,phy,77
188152,pac,79
188152,sho,78
188152,pas,82
188152,dri,83
188152,def,59
188152,phy,67
178562,pac,62
178562,sho,74
178562,pas,83
178562,dri,82
178562,def,75
178562,phy,72
235173,pac,66
235173,sho,66
235173,pas,73
235173,dri,75
235173,def,81
235173,phy,86
247263,pac,70
247263,sho,54
247263,pas,65
247263,dri,70
247263,def,83
247263,phy,79
213516,pac,79
213516,sho,82
213516,pas,79
213516,dri,80
213516,def,43
213516,phy,70
210324,pac,73
210324,sho,76
210324,pas,80
210324,dri,80
210324,def,64
210324,phy,72
224081,pac,66
224081,sho,65
224081,pas,77
224081,dri,76
224081,def,79
224081,phy,82
243576,pac,82
243576,sho,71
243576,pas,75
243576,dri,80
243576,def,75
243576,phy,78
205686,pac,64
205686,sho,76
205686,pas,84
205686,dri,83
205686,def,69
205686,phy,68
240243,pac,84
240243,sho,82
240243,pas,75
240243,dri,84
240243,def,32
240243,phy,74
120533,pac,77
120533,sho,51
120533,pas,60
120533,dri,61
120533,def,81
120533,phy,87
216435,pac,71
216435,sho,68
216435,pas,79
216435,dri,81
216435,def,73
216435,phy,70
220971,pac,69
220971,sho,74
220971,pas,76
220971,dri,86
220971,def,69
220971,phy,68
209519,pac,74
209519,sho,81
209519,pas,76
209519,dri,79
209519,def,40
209519,phy,79
198950,pac,73
198950,sho,76
198950,pas,82
198950,dri,82
198950,def,57
198950,phy,59
229391,pac,63
229391,sho,65
229391,pas,70
229391,dri,72
229391,def,82
229391,phy,89
236792,pac,57
236792,sho,72
236792,pas,73
236792,dri,72
236792,def,82
236792,phy,85
229558,pac,82
229558,sho,43
229558,pas,61
229558,dri,68
229558,def,80
229558,phy,81
193301,pac,70
193301,sho,81
193301,pas,76
193301,dri,83
193301,def,44
193301,phy,74
208618,pac,82
208618,sho,73
208618,pas,79
208618,dri,80
208618,def,73
208618,phy,69
178086,pac,79
178086,sho,82
178086,pas,78
178086,dri,80
178086,def,55
178086,phy,83
221992,pac,93
221992,sho,76
221992,pas,72
221992,dri,82
221992,def,41
221992,phy,62
193105,pac,85
193105,sho,79
193105,pas,75
193105,dri,84
193105,def,55
193105,phy,78
180206,pac,65
180206,sho,69
180206,pas,84
180206,dri,82
180206,def,74
180206,phy,64
236786,pac,85
236786,sho,81
236786,pas,75
236786,dri,78
236786,def,36
236786,phy,70
205569,pac,59
205569,sho,74
205569,pas,86
205569,dri,78
205569,def,67
205569,phy,73
205678,pac,87
205678,sho,78
205678,pas,78
205678,dri,82
205678,def,47
205678,phy,64
239231,pac,76
239231,sho,68
239231,pas,78
239231,dri,80
239231,def,77
239231,phy,74
226491,pac,84
226491,sho,60
226491,pas,75
226491,dri,78
226491,def,76
226491,phy,79
241788,pac,77
241788,sho,80
241788,pas,74
241788,dri,81
241788,def,38
241788,phy,72
256790,pac,75
256790,sho,73
256790,pas,75
256790,dri,87
256790,def,63
256790,phy,60
236703,pac,87
236703,sho,59
236703,pas,77
236703,dri,78
236703,def,71
236703,phy,77
187598,pac,67
187598,sho,52
187598,pas,59
187598,dri,65
187598,def,82
187598,phy,82
216409,pac,83
216409,sho,77
216409,pas,78
216409,dri,84
216409,def,42
216409,phy,55
194404,pac,82
194404,sho,78
194404,pas,77
194404,dri,80
194404,def,54
194404,phy,78
203841,pac,80
203841,sho,82
203841,pas,75
203841,dri,83
203841,def,49
203841,phy,80
212442,pac,83
212442,sho,78
212442,pas,73
212442,dri,83
212442,def,52
212442,phy,79
225100,pac,80
225100,sho,30
225100,pas,67
225100,dri,69
225100,def,81
225100,phy,78
192318,pac,67
192318,sho,74
192318,pas,83
192318,dri,84
192318,def,55
192318,phy,67
192366,pac,63
192366,sho,57
192366,pas,62
192366,dri,59
192366,def,83
192366,phy,81
203263,pac,48
203263,sho,57
203263,pas,68
203263,dri,67
203263,def,80
203263,phy,84
214979,pac,82
214979,sho,78
214979,pas,73
214979,dri,86
214979,def,44
214979,phy,82
211256,pac,80
211256,sho,56
211256,pas,72
211256,dri,75
211256,def,80
211256,phy,80
237678,pac,78
237678,sho,34
237678,pas,57
237678,dri,67
237678,def,82
237678,phy,80
243812,pac,88
243812,sho,76
243812,pas,74
243812,dri,84
243812,def,32
243812,phy,56
169416,pac,77
169416,sho,79
169416,pas,76
169416,dri,83
169416,def,30
169416,phy,64
224179,pac,66
224179,sho,82
224179,pas,65
224179,dri,74
224179,def,40
224179,phy,81
216388,pac,90
216388,sho,73
216388,pas,73
216388,dri,88
216388,def,27
216388,phy,68
162347,pac,47
162347,sho,71
162347,pas,84
162347,dri,79
162347,def,71
162347,phy,66
211990,pac,84
211990,sho,78
211990,pas,67
211990,dri,84
211990,def,43
211990,phy,78
189881,pac,62
189881,sho,47
189881,pas,58
189881,dri,60
189881,def,83
189881,phy,80
229582,pac,67
229582,sho,45
229582,pas,50
229582,dri,59
229582,def,81
229582,phy,87
212096,pac,74
212096,sho,75
212096,pas,80
212096,dri,81
212096,def,40
212096,phy,63
207863,pac,59
207863,sho,43
207863,pas,59
207863,dri,61
207863,def,81
207863,phy,83
232580,pac,68
232580,sho,36
232580,pas,60
232580,dri,58
232580,def,83
232580,phy,80
225659,pac,51
225659,sho,57
225659,pas,71
225659,dri,68
225659,def,84
225659,phy,77
208448,pac,71
208448,sho,73
208448,pas,83
208448,dri,83
208448,def,35
208448,phy,62
233486,pac,63
233486,sho,25
233486,pas,53
233486,dri,58
233486,def,83
233486,phy,80
230767,pac,83
230767,sho,74
230767,pas,77
230767,dri,84
230767,def,72
230767,phy,84
238744,pac,82
238744,sho,74
238744,pas,76
238744,dri,80
238744,def,78
238744,phy,83
220018,pac,86
220018,sho,80
220018,pas,74
220018,dri,81
220018,def,48
220018,phy,80
251805,pac,82
251805,sho,47
251805,pas,67
251805,dri,77
251805,def,81
251805,phy,81
210008,pac,75
210008,sho,73
210008,pas,76
210008,dri,79
210008,def,76
210008,phy,79
240709,pac,82
240709,sho,73
240709,pas,73
240709,dri,81
240709,def,70
240709,phy,78
229752,pac,77
229752,sho,69
229752,pas,77
229752,dri,78
229752,def,77
229752,phy,79
222331,pac,86
222331,sho,50
222331,pas,64
222331,dri,71
222331,def,82
222331,phy,78
208421,pac,69
208421,sho,76
208421,pas,77
208421,dri,79
208421,def,78
208421,phy,76
229668,pac,75
229668,sho,49
229668,pas,73
229668,dri,71
229668,def,81
229668,phy,80
204923,pac,72
204923,sho,81
204923,pas,79
204923,dri,79
204923,def,66
204923,phy,76
236496,pac,73
236496,sho,66
236496,pas,79
236496,dri,77
236496,def,77
236496,phy,80
181291,pac,69
181291,sho,71
181291,pas,77
181291,dri,80
181291,def,77
181291,phy,78
206511,pac,65
206511,sho,80
206511,pas,78
206511,dri,78
206511,def,76
206511,phy,75
240679,pac,70
240679,sho,72
240679,pas,80
240679,dri,76
240679,def,76
240679,phy,77
189271,pac,68
189271,sho,68
189271,pas,78
189271,dri,79
189271,def,78
189271,phy,80
156519,pac,66
156519,sho,75
156519,pas,76
156519,dri,76
156519,def,76
156519,phy,82
198164,pac,80
198164,sho,75
198164,pas,79
198164,dri,81
198164,def,63
198164,phy,72
209297,pac,76
209297,sho,67
209297,pas,79
209297,dri,81
209297,def,75
209297,phy,71
207439,pac,64
207439,sho,71
207439,pas,82
207439,dri,78
207439,def,76
207439,phy,78
237238,pac,63
237238,sho,74
237238,pas,74
237238,dri,75
237238,def,78
237238,phy,85
233500,pac,89
233500,sho,73
233500,pas,72
233500,dri,85
233500,def,53
233500,phy,63
200949,pac,89
200949,sho,77
200949,pas,70
200949,dri,85
200949,def,46
200949,phy,68
199914,pac,70
199914,sho,69
199914,pas,73
199914,dri,79
199914,def,79
199914,phy,77
225953,pac,86
225953,sho,78
225953,pas,75
225953,dri,83
225953,def,42
225953,phy,70
226162,pac,71
226162,sho,74
226162,pas,81
226162,dri,83
226162,def,66
226162,phy,70
171877,pac,64
171877,sho,77
171877,pas,82
171877,dri,80
171877,def,71
171877,phy,71
208461,pac,70
208461,sho,68
208461,pas,70
208461,dri,71
208461,def,82
208461,phy,83
225201,pac,81
225201,sho,76
225201,pas,76
225201,dri,82
225201,def,64
225201,phy,64
230658,pac,71
230658,sho,65
230658,pas,80
230658,dri,86
230658,def,72
230658,phy,69
202335,pac,54
202335,sho,64
202335,pas,70
202335,dri,65
202335,def,80
202335,phy,84
193983,pac,82
193983,sho,81
193983,pas,72
193983,dri,75
193983,def,37
193983,phy,82
202024,pac,68
202024,sho,71
202024,pas,75
202024,dri,78
202024,def,75
202024,phy,74
233195,pac,67
233195,sho,70
233195,pas,73
233195,dri,77
233195,def,73
233195,phy,81
190815,pac,42
190815,sho,62
190815,pas,82
190815,dri,79
190815,def,81
190815,phy,70
212462,pac,79
212462,sho,74
212462,pas,81
212462,dri,77
212462,def,75
212462,phy,71
215330,pac,84
215330,sho,75
215330,pas,76
215330,dri,84
215330,def,39
215330,phy,69
251573,pac,83
251573,sho,68
251573,pas,76
251573,dri,80
251573,def,74
251573,phy,75
216475,pac,83
216475,sho,81
216475,pas,74
216475,dri,82
216475,def,52
216475,phy,67
243715,pac,78
243715,sho,39
243715,pas,67
243715,dri,71
243715,def,80
243715,phy,79
218339,pac,70
218339,sho,69
218339,pas,77
218339,dri,85
218339,def,67
218339,phy,70
240690,pac,87
240690,sho,73
240690,pas,73
240690,dri,83
240690,def,45
240690,phy,64
221660,pac,59
221660,sho,51
221660,pas,72
221660,dri,72
221660,def,82
221660,phy,76
222558,pac,85
222558,sho,63
222558,pas,74
222558,dri,77
222558,def,75
222558,phy,79
201389,pac,76
201389,sho,69
201389,pas,78
201389,dri,77
201389,def,77
201389,phy,76
178213,pac,53
178213,sho,73
178213,pas,78
178213,dri,75
178213,def,79
178213,phy,78
202477,pac,90
202477,sho,79
202477,pas,75
202477,dri,83
202477,def,30
202477,phy,66
200159,pac,76
200159,sho,74
200159,pas,86
200159,dri,85
200159,def,52
200159,phy,80
244749,pac,73
244749,sho,50
244749,pas,64
244749,dri,65
244749,def,80
244749,phy,77
224309,pac,59
224309,sho,75
224309,pas,81
224309,dri,76
224309,def,68
224309,phy,75
208268,pac,54
208268,sho,73
208268,pas,77
208268,dri,75
208268,def,77
208268,phy,78
203486,pac,77
203486,sho,76
203486,pas,79
203486,dri,83
203486,def,53
203486,phy,65
173221,pac,70
173221,sho,79
173221,pas,80
173221,dri,81
173221,def,61
173221,phy,62
244261,pac,69
244261,sho,73
244261,pas,81
244261,dri,83
244261,def,60
244261,phy,67
234943,pac,68
234943,sho,73
234943,pas,79
234943,dri,80
234943,def,66
234943,phy,67
171579,pac,35
171579,sho,83
171579,pas,82
171579,dri,78
171579,def,59
171579,phy,84
217036,pac,88
217036,sho,68
217036,pas,73
217036,dri,76
217036,def,75
217036,phy,69
192563,pac,82
192563,sho,78
192563,pas,74
192563,dri,82
192563,def,55
192563,phy,79
235844,pac,71
235844,sho,57
235844,pas,67
235844,dri,69
235844,def,82
235844,phy,86
211300,pac,83
211300,sho,79
211300,pas,72
211300,dri,84
211300,def,35
211300,phy,66
220093,pac,82
220093,sho,64
220093,pas,71
220093,dri,77
220093,def,77
220093,phy,76
253149,pac,94
253149,sho,54
253149,pas,73
253149,dri,83
253149,def,72
253149,phy,70
239093,pac,84
239093,sho,69
239093,pas,76
239093,dri,78
239093,def,69
239093,phy,70
221479,pac,81
221479,sho,77
221479,pas,64
221479,dri,76
221479,def,39
221479,phy,80
199987,pac,80
199987,sho,79
199987,pas,78
199987,dri,76
199987,def,54
199987,phy,80
173426,pac,80
173426,sho,74
173426,pas,74
173426,dri,85
173426,def,51
173426,phy,83
191043,pac,76
191043,sho,65
191043,pas,73
191043,dri,78
191043,def,76
191043,phy,78
199304,pac,72
199304,sho,67
199304,pas,73
199304,dri,74
199304,def,81
199304,phy,79
234742,pac,86
234742,sho,77
234742,pas,75
234742,dri,81
234742,def,45
234742,phy,64
226300,pac,80
226300,sho,77
226300,pas,72
226300,dri,82
226300,def,54
226300,phy,81
201153,pac,80
201153,sho,78
201153,pas,72
201153,dri,78
201153,def,31
201153,phy,77
213955,pac,78
213955,sho,77
213955,pas,70
213955,dri,78
213955,def,40
213955,phy,73
252145,pac,89
252145,sho,57
252145,pas,73
252145,dri,78
252145,def,74
252145,phy,73
236987,pac,70
236987,sho,54
236987,pas,71
236987,dri,73
236987,def,80
236987,phy,79
241671,pac,80
241671,sho,76
241671,pas,71
241671,dri,84
241671,def,56
241671,phy,77
205988,pac,76
205988,sho,54
205988,pas,78
205988,dri,78
205988,def,79
205988,phy,78
232665,pac,61
232665,sho,64
232665,pas,73
232665,dri,73
232665,def,78
232665,phy,77
227950,pac,65
227950,sho,49
227950,pas,63
227950,dri,64
227950,def,82
227950,phy,77
219789,pac,83
219789,sho,57
219789,pas,72
219789,dri,76
219789,def,75
219789,phy,78
215223,pac,80
215223,sho,79
215223,pas,72
215223,dri,83
215223,def,48
215223,phy,80
200888,pac,56
200888,sho,63
200888,pas,70
200888,dri,71
200888,def,79
200888,phy,85
199564,pac,74
199564,sho,63
199564,pas,79
199564,dri,77
199564,def,75
199564,phy,72
195365,pac,69
195365,sho,66
195365,pas,81
195365,dri,83
195365,def,62
195365,phy,62
244369,pac,85
244369,sho,74
244369,pas,78
244369,dri,80
244369,def,46
244369,phy,59
233731,pac,83
233731,sho,79
233731,pas,68
233731,dri,83
233731,def,29
233731,phy,68
238095,pac,64
238095,sho,45
238095,pas,62
238095,dri,62
238095,def,81
238095,phy,83
229906,pac,92
229906,sho,78
229906,pas,74
229906,dri,83
229906,def,33
229906,phy,61
245279,pac,83
245279,sho,57
245279,pas,74
245279,dri,78
245279,def,77
245279,phy,69
227928,pac,83
227928,sho,57
227928,pas,69
227928,dri,80
227928,def,75
227928,phy,74
224371,pac,78
224371,sho,77
224371,pas,75
224371,dri,81
224371,def,44
224371,phy,66
231691,pac,83
231691,sho,77
231691,pas,68
231691,dri,86
231691,def,47
231691,phy,77
219522,pac,82
219522,sho,77
219522,pas,72
219522,dri,83
219522,def,46
219522,phy,78
209846,pac,80
209846,sho,58
209846,pas,71
209846,dri,71
209846,def,75
209846,phy,82
204311,pac,62
204311,sho,51
204311,pas,62
204311,dri,56
204311,def,80
204311,phy,84
199042,pac,46
199042,sho,71
199042,pas,79
199042,dri,77
199042,def,76
199042,phy,71
220407,pac,78
220407,sho,76
220407,pas,79
220407,dri,81
220407,def,46
220407,phy,77
204234,pac,78
204234,sho,77
204234,pas,77
204234,dri,83
204234,def,44
204234,phy,78
244470,pac,73
244470,sho,56
244470,pas,73
244470,dri,75
244470,def,78
244470,phy,81
231591,pac,78
231591,sho,55
231591,pas,74
231591,dri,82
231591,def,75
231591,phy,71
244263,pac,61
244263,sho,51
244263,pas,58
244263,dri,61
244263,def,82
244263,phy,80
206585,pac,79
206585,sho,78
206585,pas,85
206585,dri,82
206585,def,34
206585,phy,77
205659,pac,82
205659,sho,79
205659,pas,73
205659,dri,83
205659,def,39
205659,phy,77
163489,pac,80
163489,sho,81
163489,pas,71
163489,dri,81
163489,def,42
163489,phy,78
228881,pac,79
228881,sho,57
228881,pas,70
228881,dri,74
228881,def,79
228881,phy,73
226710,pac,73
226710,sho,80
226710,pas,66
226710,dri,74
226710,def,36
226710,phy,74
235410,pac,78
235410,sho,80
235410,pas,59
235410,dri,74
235410,def,35
235410,phy,76
227290,pac,77
227290,sho,79
227290,pas,78
227290,dri,81
227290,def,37
227290,phy,80
210413,pac,66
210413,sho,40
210413,pas,55
210413,dri,67
210413,def,83
210413,phy,77
200155,pac,44
200155,sho,79
200155,pas,81
200155,dri,76
200155,def,59
200155,phy,74
176550,pac,81
176550,sho,76
176550,pas,77
176550,dri,82
176550,def,34
176550,phy,80
211738,pac,80
211738,sho,76
211738,pas,81
211738,dri,82
211738,def,31
211738,phy,79
232730,pac,74
232730,sho,68
232730,pas,79
232730,dri,83
232730,def,46
232730,phy,61
183574,pac,51
183574,sho,81
183574,pas,81
183574,dri,82
183574,def,40
183574,phy,64
210385,pac,81
210385,sho,76
210385,pas,75
210385,dri,83
210385,def,31
210385,phy,82
211591,pac,72
211591,sho,79
211591,pas,64
211591,dri,74
211591,def,30
211591,phy,79
184392,pac,71
184392,sho,59
184392,pas,70
184392,dri,76
184392,def,81
184392,phy,69
207566,pac,35
207566,sho,65
207566,pas,77
207566,dri,73
207566,def,75
207566,phy,84
229880,pac,82
229880,sho,50
229880,pas,66
229880,dri,75
229880,def,78
229880,phy,73
251809,pac,58
251809,sho,37
251809,pas,60
251809,dri,62
251809,def,80
251809,phy,84
210930,pac,71
210930,sho,70
210930,pas,81
210930,dri,80
210930,def,39
210930,phy,64
173608,pac,60
173608,sho,81
173608,pas,69
173608,dri,75
173608,def,31
173608,phy,73
240273,pac,78
240273,sho,71
240273,pas,76
240273,dri,81
240273,def,32
240273,phy,61
171791,pac,31
171791,sho,46
171791,pas,62
171791,dri,62
171791,def,82
171791,phy,80
195861,pac,68
195861,sho,67
195861,pas,76
195861,dri,71
195861,def,79
195861,phy,82
201519,pac,76
201519,sho,75
201519,pas,76
201519,dri,78
201519,def,76
201519,phy,79
253124,pac,82
253124,sho,71
253124,pas,73
253124,dri,82
253124,def,74
253124,phy,76
190717,pac,82
190717,sho,75
190717,pas,73
190717,dri,77
190717,def,55
190717,phy,83
172522,pac,73
172522,sho,77
172522,pas,80
172522,dri,76
172522,def,75
172522,phy,75
248243,pac,76
248243,sho,66
248243,pas,78
248243,dri,81
248243,def,76
248243,phy,78
208135,pac,67
208135,sho,76
208135,pas,74
208135,dri,78
208135,def,78
208135,phy,82
246104,pac,77
246104,sho,76
246104,pas,78
246104,dri,83
246104,def,68
246104,phy,72
230625,pac,73
230625,sho,53
230625,pas,67
230625,dri,74
230625,def,79
230625,phy,82
173030,pac,68
173030,sho,76
173030,pas,78
173030,dri,82
173030,def,71
173030,phy,77
201995,pac,85
201995,sho,75
201995,pas,77
201995,dri,83
201995,def,55
201995,phy,63
210881,pac,69
210881,sho,74
210881,pas,76
210881,dri,77
210881,def,73
210881,phy,81
203483,pac,68
203483,sho,80
203483,pas,74
203483,dri,76
203483,def,73
203483,phy,78
213956,pac,96
213956,sho,65
213956,pas,68
213956,dri,86
213956,def,38
213956,phy,83
205923,pac,67
205923,sho,58
205923,pas,72
205923,dri,72
205923,def,80
205923,phy,74
220502,pac,82
220502,sho,73
220502,pas,74
220502,dri,83
220502,def,57
220502,phy,64
235407,pac,77
235407,sho,62
235407,pas,72
235407,dri,77
235407,def,76
235407,phy,81
202166,pac,72
202166,sho,76
202166,pas,80
202166,dri,82
202166,def,58
202166,phy,65
221363,pac,67
221363,sho,77
221363,pas,76
221363,dri,78
221363,def,72
221363,phy,75
199254,pac,81
199254,sho,78
199254,pas,77
199254,dri,80
199254,def,41
199254,phy,75
238216,pac,74
238216,sho,76
238216,pas,75
238216,dri,78
238216,def,67
238216,phy,74
243245,pac,72
243245,sho,71
243245,pas,81
243245,dri,79
243245,def,65
243245,phy,76
227535,pac,67
227535,sho,62
227535,pas,79
227535,dri,80
227535,def,78
227535,phy,77
228520,pac,80
228520,sho,80
228520,pas,65
228520,dri,78
228520,def,44
228520,phy,83
212207,pac,74
212207,sho,75
212207,pas,81
212207,dri,82
212207,def,62
212207,phy,68
231447,pac,88
231447,sho,78
231447,pas,72
231447,dri,83
231447,def,35
231447,phy,73
240753,pac,78
240753,sho,81
240753,pas,76
240753,dri,80
240753,def,45
240753,phy,69
170368,pac,68
170368,sho,77
170368,pas,79
170368,dri,83
170368,def,53
170368,phy,69
225126,pac,68
225126,sho,72
225126,pas,71
225126,dri,75
225126,def,79
225126,phy,75
242201,pac,70
242201,sho,70
242201,pas,76
242201,dri,74
242201,def,75
242201,phy,74
226456,pac,67
226456,sho,74
226456,pas,79
226456,dri,79
226456,def,69
226456,phy,71
190674,pac,65
190674,sho,64
190674,pas,73
190674,dri,75
190674,def,78
190674,phy,84
205600,pac,63
205600,sho,62
205600,pas,68
205600,dri,67
205600,def,79
205600,phy,75
191740,pac,61
191740,sho,71
191740,pas,77
191740,dri,78
191740,def,78
191740,phy,74
235569,pac,66
235569,sho,71
235569,pas,79
235569,dri,86
235569,def,68
235569,phy,68
212404,pac,77
212404,sho,71
212404,pas,79
212404,dri,82
212404,def,62
212404,phy,66
245630,pac,68
245630,sho,67
245630,pas,74
245630,dri,76
245630,def,75
245630,phy,77
220673,pac,68
220673,sho,66
220673,pas,71
220673,dri,69
220673,def,79
220673,phy,84
225663,pac,77
225663,sho,72
225663,pas,78
225663,dri,82
225663,def,60
225663,phy,66
198031,pac,58
198031,sho,78
198031,pas,82
198031,dri,76
198031,def,71
198031,phy,70
234906,pac,71
234906,sho,70
234906,pas,78
234906,dri,83
234906,def,64
234906,phy,68
212814,pac,70
212814,sho,69
212814,pas,81
212814,dri,82
212814,def,65
212814,phy,66
196978,pac,81
196978,sho,78
196978,pas,66
196978,dri,77
196978,def,42
196978,phy,76
231628,pac,78
231628,sho,81
231628,pas,67
231628,dri,71
231628,def,45
231628,phy,78
184941,pac,72
184941,sho,77
184941,pas,78
184941,dri,83
184941,def,43
184941,phy,67
232229,pac,82
232229,sho,75
232229,pas,78
232229,dri,80
232229,def,58
232229,phy,76
201119,pac,82
201119,sho,64
201119,pas,74
201119,dri,80
201119,def,74
201119,phy,74
227678,pac,78
227678,sho,39
227678,pas,62
227678,dri,71
227678,def,80
227678,phy,76
199339,pac,78
199339,sho,74
199339,pas,85
199339,dri,82
199339,def,52
199339,phy,78
264240,pac,76
264240,sho,64
264240,pas,77
264240,dri,83
264240,def,64
264240,phy,67
235374,pac,92
235374,sho,62
235374,pas,76
235374,dri,82
235374,def,70
235374,phy,65
231102,pac,73
231102,sho,76
231102,pas,77
231102,dri,82
231102,def,58
231102,phy,64
193198,pac,54
193198,sho,70
193198,pas,79
193198,dri,69
193198,def,74
193198,phy,84
233306,pac,80
233306,sho,78
233306,pas,77
233306,dri,82
233306,def,55
233306,phy,75
178750,pac,80
178750,sho,77
178750,pas,78
178750,dri,78
178750,def,57
178750,phy,77
203551,pac,76
203551,sho,77
203551,pas,79
203551,dri,79
203551,def,74
203551,phy,61
210897,pac,72
210897,sho,50
210897,pas,56
210897,dri,65
210897,def,80
210897,phy,81
195859,pac,72
195859,sho,82
195859,pas,70
195859,dri,78
195859,def,45
195859,phy,70
222028,pac,59
222028,sho,64
222028,pas,75
222028,dri,77
222028,def,79
222028,phy,75
224031,pac,84
224031,sho,66
224031,pas,67
224031,dri,74
224031,def,75
224031,phy,79
221087,pac,80
221087,sho,79
221087,pas,77
221087,dri,81
221087,def,48
221087,phy,81
201095,pac,80
201095,sho,77
201095,pas,76
201095,dri,80
201095,def,54
201095,phy,79
198009,pac,79
198009,sho,79
198009,pas,71
198009,dri,81
198009,def,57
198009,phy,79
246646,pac,73
246646,sho,58
246646,pas,73
246646,dri,81
246646,def,75
246646,phy,68
208364,pac,83
208364,sho,61
208364,pas,68
208364,dri,74
208364,def,78
208364,phy,80
231340,pac,83
231340,sho,60
231340,pas,70
231340,dri,75
231340,def,75
231340,phy,81
235688,pac,81
235688,sho,39
235688,pas,58
235688,dri,63
235688,def,80
235688,phy,81
236632,pac,85
236632,sho,72
236632,pas,73
236632,dri,83
236632,def,37
236632,phy,64
243630,pac,83
243630,sho,79
243630,pas,71
243630,dri,77
243630,def,33
243630,phy,71
189690,pac,80
189690,sho,77
189690,pas,78
189690,dri,81
189690,def,51
189690,phy,77
227174,pac,80
227174,sho,67
227174,pas,71
227174,dri,75
227174,def,74
227174,phy,76
220793,pac,75
220793,sho,47
220793,pas,55
220793,dri,66
220793,def,79
220793,phy,79
187072,pac,55
187072,sho,79
187072,pas,79
187072,dri,79
187072,def,60
187072,phy,74
239433,pac,51
239433,sho,72
239433,pas,75
239433,dri,74
239433,def,77
239433,phy,77
202857,pac,86
202857,sho,75
202857,pas,72
202857,dri,81
202857,def,39
202857,phy,72
255253,pac,73
255253,sho,68
255253,pas,79
255253,dri,83
255253,def,67
255253,phy,55
205192,pac,72
205192,sho,72
205192,pas,81
205192,dri,81
205192,def,64
205192,phy,55
220253,pac,77
220253,sho,78
220253,pas,75
220253,dri,82
220253,def,35
220253,phy,64
190745,pac,81
190745,sho,77
190745,pas,60
190745,dri,83
190745,def,59
190745,phy,80
234711,pac,81
234711,sho,76
234711,pas,76
234711,dri,84
234711,def,38
234711,phy,55
219733,pac,73
219733,sho,79
219733,pas,61
219733,dri,70
219733,def,43
219733,phy,84
227813,pac,68
227813,sho,65
227813,pas,80
227813,dri,80
227813,def,77
227813,phy,69
234426,pac,67
234426,sho,36
234426,pas,60
234426,dri,70
234426,def,78
234426,phy,86
202048,pac,47
202048,sho,57
202048,pas,75
202048,dri,66
202048,def,79
202048,phy,73
236572,pac,84
236572,sho,53
236572,pas,76
236572,dri,78
236572,def,73
236572,phy,74
216150,pac,78
216150,sho,66
216150,pas,73
216150,dri,74
216150,def,75
216150,phy,72
197225,pac,69
197225,sho,73
197225,pas,80
197225,dri,81
197225,def,49
197225,phy,69
208104,pac,82
208104,sho,75
208104,pas,77
208104,dri,82
208104,def,45
208104,phy,77
257179,pac,80
257179,sho,36
257179,pas,61
257179,dri,61
257179,def,80
257179,phy,77
237086,pac,80
237086,sho,33
237086,pas,57
237086,dri,62
237086,def,79
237086,phy,84
223550,pac,80
223550,sho,75
223550,pas,73
223550,dri,82
223550,def,52
223550,phy,76
182494,pac,76
182494,sho,80
182494,pas,72
182494,dri,77
182494,def,51
182494,phy,82
231936,pac,70
231936,sho,29
231936,pas,67
231936,dri,72
231936,def,81
231936,phy,76
248148,pac,59
248148,sho,64
248148,pas,74
248148,dri,74
248148,def,79
248148,phy,70
252308,pac,58
252308,sho,61
252308,pas,70
252308,dri,70
252308,def,78
252308,phy,83
226110,pac,88
226110,sho,77
226110,pas,74
226110,dri,82
226110,def,36
226110,phy,62
238041,pac,85
238041,sho,56
238041,pas,66
238041,dri,77
238041,def,76
238041,phy,76
163705,pac,77
163705,sho,79
163705,pas,74
163705,dri,81
163705,def,49
163705,phy,77
215270,pac,71
215270,sho,76
215270,pas,78
215270,dri,82
215270,def,46
215270,phy,66
212382,pac,70
212382,sho,78
212382,pas,62
212382,dri,70
212382,def,45
212382,phy,82
234468,pac,67
234468,sho,67
234468,pas,78
234468,dri,80
234468,def,59
234468,phy,67
244316,pac,78
244316,sho,76
244316,pas,68
244316,dri,82
244316,def,55
244316,phy,76
246172,pac,89
246172,sho,74
246172,pas,70
246172,dri,84
246172,def,36
246172,phy,63
223689,pac,60
223689,sho,77
223689,pas,60
223689,dri,69
223689,def,52
223689,phy,86
251892,pac,87
251892,sho,79
251892,pas,58
251892,dri,74
251892,def,24
251892,phy,81
236772,pac,77
236772,sho,79
236772,pas,81
236772,dri,80
236772,def,34
236772,phy,64
253004,pac,88
253004,sho,77
253004,pas,72
253004,dri,82
253004,def,30
253004,phy,53
246242,pac,83
246242,sho,78
246242,pas,62
246242,dri,76
246242,def,27
246242,phy,76
206545,pac,50
206545,sho,73
206545,pas,78
206545,dri,75
206545,def,72
206545,phy,66
183907,pac,47
183907,sho,49
183907,pas,73
183907,dri,66
183907,def,80
183907,phy,74
236045,pac,80
236045,sho,54
236045,pas,66
236045,dri,74
236045,def,78
236045,phy,78
248695,pac,75
248695,sho,37
248695,pas,55
248695,dri,64
248695,def,81
248695,phy,76
232432,pac,74
232432,sho,78
232432,pas,68
232432,dri,78
232432,def,29
232432,phy,74
202695,pac,55
202695,sho,45
202695,pas,65
202695,dri,62
202695,def,81
202695,phy,80
235889,pac,78
235889,sho,77
235889,pas,75
235889,dri,80
235889,def,38
235889,phy,52
235997,pac,60
235997,sho,56
235997,pas,77
235997,dri,77
235997,def,77
235997,phy,65
214584,pac,78
214584,sho,74
214584,pas,69
214584,dri,85
214584,def,43
214584,phy,80
226166,pac,78
226166,sho,49
226166,pas,68
226166,dri,72
226166,def,81
226166,phy,80
227275,pac,80
227275,sho,76
227275,pas,72
227275,dri,80
227275,def,41
227275,phy,79
211022,pac,77
211022,sho,76
211022,pas,79
211022,dri,79
211022,def,45
211022,phy,54
217940,pac,67
217940,sho,38
217940,pas,62
217940,dri,62
217940,def,79
217940,phy,77
207599,pac,52
207599,sho,49
207599,pas,63
207599,dri,62
207599,def,80
207599,phy,79
199503,pac,49
199503,sho,64
199503,pas,79
199503,dri,69
199503,def,69
199503,phy,80
207421,pac,82
207421,sho,78
207421,pas,76
207421,dri,81
207421,def,30
207421,phy,62
199641,pac,77
199641,sho,78
199641,pas,75
199641,dri,80
199641,def,36
199641,phy,80
189505,pac,73
189505,sho,74
189505,pas,76
189505,dri,86
189505,def,36
189505,phy,51
236355,pac,72
236355,sho,29
236355,pas,61
236355,dri,68
236355,def,80
236355,phy,73
225341,pac,61
225341,sho,37
225341,pas,65
225341,dri,65
225341,def,80
225341,phy,75
146748,pac,76
146748,sho,80
146748,pas,68
146748,dri,76
146748,def,44
146748,phy,81
202651,pac,73
202651,sho,76
202651,pas,80
202651,dri,83
202651,def,32
202651,phy,51
210372,pac,72
210372,sho,72
210372,pas,82
210372,dri,81
210372,def,28
210372,phy,60
208165,pac,71
208165,sho,39
208165,pas,59
208165,dri,50
208165,def,82
208165,phy,81
182212,pac,69
182212,sho,78
182212,pas,63
182212,dri,70
182212,def,35
182212,phy,79
226851,pac,66
226851,sho,55
226851,pas,72
226851,dri,71
226851,def,81
226851,phy,78
205175,pac,61
205175,sho,82
205175,pas,69
205175,dri,74
205175,def,39
205175,phy,69
253002,pac,81
253002,sho,78
253002,pas,68
253002,dri,81
253002,def,27
253002,phy,58
210455,pac,74
210455,sho,54
210455,pas,71
210455,dri,76
210455,def,78
210455,phy,69
45186,pac,66
45186,sho,78
45186,pas,85
45186,dri,79
45186,def,44
45186,phy,53
199915,pac,44
199915,sho,51
199915,pas,62
199915,dri,63
199915,def,80
199915,phy,79
191202,pac,38
191202,sho,67
191202,pas,76
191202,dri,72
191202,def,78
191202,phy,72
177413,pac,34
177413,sho,63
177413,pas,79
177413,dri,75
177413,def,78
177413,phy,74
247257,pac,82
247257,sho,32
247257,pas,45
247257,dri,58
247257,def,81
247257,phy,79
237942,pac,81
237942,sho,46
237942,pas,69
237942,dri,72
237942,def,75
237942,phy,76
189805,pac,48
189805,sho,78
189805,pas,71
189805,dri,70
189805,def,46
189805,phy,77
203747,pac,81
203747,sho,51
203747,pas,70
203747,dri,77
203747,def,75
203747,phy,64
178224,pac,72
178224,sho,77
178224,pas,64
178224,dri,76
178224,def,31
178224,phy,68
234577,pac,76
234577,sho,75
234577,pas,73
234577,dri,83
234577,def,32
234577,phy,78
197891,pac,76
197891,sho,80
197891,pas,72
197891,dri,81
197891,def,31
197891,phy,59
237221,pac,72
237221,sho,46
237221,pas,69
237221,dri,72
237221,def,80
237221,phy,77
188988,pac,69
188988,sho,73
188988,pas,79
188988,dri,82
188988,def,41
188988,phy,55
1179,pac,76
1179,sho,73
1179,pas,70
1179,dri,76
1179,def,31
1179,phy,90
259377,pac,77
259377,sho,73
259377,pas,76
259377,dri,79
259377,def,38
259377,phy,45
232938,pac,74
232938,sho,33
232938,pas,67
232938,dri,71
232938,def,80
232938,phy,79
183855,pac,49
183855,sho,40
183855,pas,60
183855,dri,62
183855,def,82
183855,phy,68
169588,pac,50
169588,sho,32
169588,pas,60
169588,dri,58
169588,def,82
169588,phy,76
240900,pac,70
240900,sho,24
240900,pas,51
240900,dri,52
240900,def,79
240900,phy,78
240699,pac,85
240699,sho,76
240699,pas,78
240699,dri,82
240699,def,70
240699,phy,69
246191,pac,76
246191,sho,80
246191,pas,76
246191,dri,83
246191,def,55
246191,phy,75
215798,pac,87
215798,sho,76
215798,pas,71
215798,dri,77
215798,def,67
215798,phy,77
233738,pac,65
233738,sho,63
233738,pas,75
233738,dri,70
233738,def,78
233738,phy,79
210665,pac,63
210665,sho,66
210665,pas,73
210665,dri,71
210665,def,76
210665,phy,80
232905,pac,89
232905,sho,71
232905,pas,73
232905,dri,78
232905,def,58
232905,phy,70
247090,pac,74
247090,sho,71
247090,pas,76
247090,dri,78
247090,def,72
247090,phy,80
227890,pac,81
227890,sho,76
227890,pas,75
227890,dri,80
227890,def,58
227890,phy,68
251470,pac,75
251470,sho,76
251470,pas,76
251470,dri,81
251470,def,57
251470,phy,73
242664,pac,81
242664,sho,67
242664,pas,76
242664,dri,81
242664,def,64
242664,phy,68
251116,pac,77
251116,sho,70
251116,pas,70
251116,dri,73
251116,def,77
251116,phy,82
229927,pac,69
229927,sho,69
229927,pas,78
229927,dri,78
229927,def,76
229927,phy,79
208920,pac,76
208920,sho,53
208920,pas,70
208920,dri,70
208920,def,79
208920,phy,75
193061,pac,76
193061,sho,74
193061,pas,77
193061,dri,79
193061,def,68
193061,phy,74
223874,pac,71
223874,sho,66
223874,pas,76
223874,dri,78
223874,def,77
223874,phy,80
255654,pac,80
255654,sho,50
255654,pas,68
255654,dri,69
255654,def,79
255654,phy,75
191627,pac,74
191627,sho,72
191627,pas,74
191627,dri,75
191627,def,73
191627,phy,77
205070,pac,87
205070,sho,74
205070,pas,72
205070,dri,76
205070,def,57
205070,phy,77
239380,pac,86
239380,sho,73
239380,pas,72
239380,dri,83
239380,def,50
239380,phy,67
195479,pac,83
195479,sho,73
195479,pas,77
195479,dri,75
195479,def,72
195479,phy,80
228093,pac,81
228093,sho,77
228093,pas,71
228093,dri,78
228093,def,48
228093,phy,76
199813,pac,63
199813,sho,57
199813,pas,67
199813,dri,67
199813,def,77
199813,phy,87
231913,pac,73
231913,sho,65
231913,pas,76
231913,dri,78
231913,def,74
231913,phy,76
198946,pac,68
198946,sho,56
198946,pas,67
198946,dri,71
198946,def,79
198946,phy,75
220883,pac,77
220883,sho,77
220883,pas,74
220883,dri,79
220883,def,45
220883,phy,76
202642,pac,72
202642,sho,67
202642,pas,77
202642,dri,73
202642,def,74
202642,phy,77
241390,pac,76
241390,sho,71
241390,pas,74
241390,dri,83
241390,def,66
241390,phy,69
189125,pac,69
189125,sho,75
189125,pas,80
189125,dri,80
189125,def,70
189125,phy,65
231521,pac,66
231521,sho,73
231521,pas,76
231521,dri,78
231521,def,74
231521,phy,72
201862,pac,65
201862,sho,60
201862,pas,67
201862,dri,64
201862,def,77
201862,phy,81
226515,pac,58
226515,sho,67
226515,pas,68
226515,dri,69
226515,def,79
226515,phy,73
221697,pac,84
221697,sho,76
221697,pas,68
221697,dri,74
221697,def,46
221697,phy,77
199823,pac,65
199823,sho,72
199823,pas,81
199823,dri,78
199823,def,70
199823,phy,71
238463,pac,70
238463,sho,72
238463,pas,76
238463,dri,80
238463,def,68
238463,phy,70
196432,pac,68
196432,sho,65
196432,pas,75
196432,dri,76
196432,def,75
196432,phy,77
244622,pac,85
244622,sho,75
244622,pas,70
244622,dri,78
244622,def,51
244622,phy,76
225859,pac,79
225859,sho,42
225859,pas,65
225859,dri,67
225859,def,79
225859,phy,78
203299,pac,84
203299,sho,74
203299,pas,73
203299,dri,81
203299,def,41
203299,phy,69
242577,pac,75
242577,sho,74
242577,pas,76
242577,dri,80
242577,def,62
242577,phy,67
182002,pac,68
182002,sho,56
182002,pas,63
182002,dri,64
182002,def,76
182002,phy,82
245235,pac,92
245235,sho,64
245235,pas,68
245235,dri,73
245235,def,72
245235,phy,81
228302,pac,81
228302,sho,72
228302,pas,72
228302,dri,76
228302,def,74
228302,phy,75
174543,pac,77
174543,sho,78
174543,pas,84
174543,dri,78
174543,def,56
174543,phy,78
253109,pac,67
253109,sho,68
253109,pas,81
253109,dri,78
253109,def,65
253109,phy,74
201400,pac,66
201400,sho,73
201400,pas,79
201400,dri,84
201400,def,69
201400,phy,62
240938,pac,84
240938,sho,73
240938,pas,73
240938,dri,81
240938,def,49
240938,phy,60
206534,pac,82
206534,sho,78
206534,pas,68
206534,dri,73
206534,def,42
206534,phy,77
242000,pac,81
242000,sho,56
242000,pas,51
242000,dri,60
242000,def,78
242000,phy,81
195272,pac,78
195272,sho,73
195272,pas,74
195272,dri,76
195272,def,72
195272,phy,76
206467,pac,72
206467,sho,79
206467,pas,79
206467,dri,78
206467,def,39
206467,phy,73
236499,pac,67
236499,sho,68
236499,pas,77
236499,dri,77
236499,def,73
236499,phy,70
232487,pac,67
232487,sho,64
232487,pas,70
232487,dri,78
232487,def,78
232487,phy,75
230084,pac,82
230084,sho,77
230084,pas,66
230084,dri,77
230084,def,40
230084,phy,77
202371,pac,73
202371,sho,74
202371,pas,74
202371,dri,72
202371,def,74
202371,phy,81
212419,pac,71
212419,sho,44
212419,pas,67
212419,dri,66
212419,def,78
212419,phy,80
247131,pac,87
247131,sho,63
247131,pas,68
247131,dri,73
247131,def,74
247131,phy,82
208004,pac,64
208004,sho,49
208004,pas,67
208004,dri,70
208004,def,79
208004,phy,76
235134,pac,64
235134,sho,64
235134,pas,71
235134,dri,75
235134,def,76
235134,phy,79
138412,pac,52
138412,sho,70
138412,pas,80
138412,dri,76
138412,def,77
138412,phy,74
224030,pac,72
224030,sho,71
224030,pas,79
224030,dri,82
224030,def,67
224030,phy,57
241095,pac,79
241095,sho,76
241095,pas,75
241095,dri,81
241095,def,47
241095,phy,69
199005,pac,78
199005,sho,76
199005,pas,82
199005,dri,80
199005,def,53
199005,phy,76
245388,pac,75
245388,sho,44
245388,pas,63
245388,dri,65
245388,def,79
245388,phy,76
236506,pac,60
236506,sho,42
236506,pas,69
236506,dri,74
236506,def,79
236506,phy,78
240787,pac,82
240787,sho,70
240787,pas,72
240787,dri,81
240787,def,59
240787,phy,62
207494,pac,75
207494,sho,77
207494,pas,73
207494,dri,79
207494,def,57
207494,phy,65
201143,pac,62
201143,sho,46
201143,pas,72
201143,dri,69
201143,def,79
201143,phy,73
229857,pac,75
229857,sho,61
229857,pas,83
229857,dri,84
229857,def,65
229857,phy,57
216816,pac,77
216816,sho,79
216816,pas,64
216816,dri,75
216816,def,41
216816,phy,76
232119,pac,71
232119,sho,46
232119,pas,60
232119,dri,65
232119,def,78
232119,phy,79
185195,pac,69
185195,sho,79
185195,pas,65
185195,dri,73
185195,def,43
185195,phy,83
220440,pac,68
220440,sho,45
220440,pas,69
220440,dri,64
220440,def,77
220440,phy,76
199652,pac,66
199652,sho,72
199652,pas,78
199652,dri,79
199652,def,63
199652,phy,66
230977,pac,86
230977,sho,71
230977,pas,73
230977,dri,79
230977,def,53
230977,phy,61
231836,pac,83
231836,sho,77
231836,pas,72
231836,dri,83
231836,def,35
231836,phy,61
234574,pac,79
234574,sho,60
234574,pas,73
234574,dri,78
234574,def,73
234574,phy,77
206413,pac,65
206413,sho,63
206413,pas,71
206413,dri,69
206413,def,77
206413,phy,78
236610,pac,85
236610,sho,76
236610,pas,57
236610,dri,77
236610,def,40
236610,phy,75
234612,pac,89
234612,sho,69
234612,pas,73
234612,dri,83
234612,def,35
234612,phy,60
209440,pac,86
209440,sho,76
209440,pas,71
209440,dri,80
209440,def,30
209440,phy,66
204538,pac,83
204538,sho,79
204538,pas,66
204538,dri,79
204538,def,33
204538,phy,69
192789,pac,72
192789,sho,69
192789,pas,72
192789,dri,72
192789,def,77
192789,phy,76
200215,pac,59
200215,sho,65
200215,pas,72
200215,dri,74
200215,def,77
200215,phy,74
228413,pac,80
228413,sho,74
228413,pas,73
228413,dri,82
228413,def,53
228413,phy,76
243854,pac,71
243854,sho,39
243854,pas,62
243854,dri,64
243854,def,80
243854,phy,79
216531,pac,67
216531,sho,77
216531,pas,65
216531,dri,75
216531,def,43
216531,phy,81
251566,pac,87
251566,sho,71
251566,pas,68
251566,dri,80
251566,def,45
251566,phy,68
233084,pac,82
233084,sho,67
233084,pas,71
233084,dri,76
233084,def,71
233084,phy,69
211241,pac,78
211241,sho,70
211241,pas,71
211241,dri,77
211241,def,74
211241,phy,66
199354,pac,78
199354,sho,80
199354,pas,76
199354,dri,77
199354,def,30
199354,phy,66
226268,pac,76
226268,sho,65
226268,pas,76
226268,dri,75
226268,def,74
226268,phy,69
224196,pac,70
224196,sho,64
224196,pas,72
224196,dri,74
224196,def,76
224196,phy,79
223197,pac,69
223197,sho,81
223197,pas,65
223197,dri,75
223197,def,40
223197,phy,76
197242,pac,50
197242,sho,75
197242,pas,72
197242,dri,68
197242,def,75
197242,phy,78
202848,pac,85
202848,sho,73
202848,pas,76
202848,dri,83
202848,def,33
202848,phy,55
241159,pac,73
241159,sho,39
241159,pas,58
241159,dri,68
241159,def,79
241159,phy,75
223061,pac,88
223061,sho,67
223061,pas,72
223061,dri,80
223061,def,55
223061,phy,54
211567,pac,79
211567,sho,58
211567,pas,70
211567,dri,73
211567,def,74
211567,phy,79
203895,pac,64
203895,sho,73
203895,pas,79
203895,dri,80
203895,def,53
203895,phy,67
247204,pac,74
247204,sho,62
247204,pas,71
247204,dri,74
247204,def,75
247204,phy,76
219581,pac,67
219581,sho,38
219581,pas,65
219581,dri,61
219581,def,79
219581,phy,80
215259,pac,83
215259,sho,73
215259,pas,74
215259,dri,78
215259,def,46
215259,phy,60
173373,pac,78
173373,sho,75
173373,pas,77
173373,dri,80
173373,def,46
173373,phy,76
190243,pac,81
190243,sho,73
190243,pas,79
190243,dri,79
190243,def,42
190243,phy,77
211515,pac,78
211515,sho,79
211515,pas,73
211515,dri,80
211515,def,47
211515,phy,74
195093,pac,62
195093,sho,79
195093,pas,66
195093,dri,74
195093,def,40
195093,phy,80
223690,pac,80
223690,sho,78
223690,pas,67
223690,dri,80
223690,def,49
223690,phy,76
243388,pac,79
243388,sho,53
243388,pas,77
243388,dri,78
243388,def,72
243388,phy,70
237679,pac,84
237679,sho,72
237679,pas,63
237679,dri,80
237679,def,38
237679,phy,62
222501,pac,76
222501,sho,58
222501,pas,71
222501,dri,75
222501,def,75
222501,phy,73
205069,pac,74
205069,sho,64
205069,pas,76
205069,dri,81
205069,def,75
205069,phy,58
238616,pac,85
238616,sho,74
238616,pas,69
238616,dri,81
238616,def,31
238616,phy,58
224003,pac,79
224003,sho,77
224003,pas,73
224003,dri,77
224003,def,47
224003,phy,75
208334,pac,63
208334,sho,60
208334,pas,76
208334,dri,75
208334,def,78
208334,phy,75
212151,pac,79
212151,sho,76
212151,pas,73
212151,dri,79
212151,def,43
212151,phy,77
211348,pac,77
211348,sho,82
211348,pas,75
211348,dri,79
211348,def,36
211348,phy,78
244892,pac,71
244892,sho,72
244892,pas,75
244892,dri,83
244892,def,54
244892,phy,54
234128,pac,88
234128,sho,69
234128,pas,72
234128,dri,83
234128,def,39
234128,phy,57
223249,pac,78
223249,sho,73
223249,pas,73
223249,dri,82
223249,def,41
223249,phy,79
209960,pac,77
209960,sho,75
209960,pas,70
209960,dri,80
209960,def,46
209960,phy,78
239207,pac,63
239207,sho,78
239207,pas,68
239207,dri,73
239207,def,32
239207,phy,82
221342,pac,83
221342,sho,52
221342,pas,68
221342,dri,78
221342,def,75
221342,phy,68
236679,pac,80
236679,sho,64
236679,pas,79
236679,dri,79
236679,def,47
236679,phy,58
189053,pac,79
189053,sho,79
189053,pas,62
189053,dri,78
189053,def,30
189053,phy,67
239901,pac,63
239901,sho,75
239901,pas,68
239901,dri,73
239901,def,46
239901,phy,70
225116,pac,79
225116,sho,73
225116,pas,70
225116,dri,81
225116,def,44
225116,phy,77
223885,pac,75
223885,sho,71
223885,pas,70
223885,dri,84
223885,def,48
223885,phy,76
234035,pac,82
234035,sho,55
234035,pas,71
234035,dri,75
234035,def,74
234035,phy,65
204614,pac,80
204614,sho,53
204614,pas,73
204614,dri,78
204614,def,73
204614,phy,65
232440,pac,75
232440,sho,57
232440,pas,77
232440,dri,78
232440,def,73
232440,phy,62
189682,pac,61
189682,sho,42
189682,pas,58
189682,dri,62
189682,def,80
189682,phy,77
207877,pac,85
207877,sho,79
207877,pas,60
207877,dri,77
207877,def,25
207877,phy,66
225263,pac,59
225263,sho,39
225263,pas,59
225263,dri,62
225263,def,79
225263,phy,81
235619,pac,85
235619,sho,71
235619,pas,70
235619,dri,84
235619,def,33
235619,phy,48
221125,pac,81
221125,sho,78
221125,pas,73
221125,dri,76
221125,def,26
221125,phy,69
224069,pac,83
224069,sho,78
224069,pas,72
224069,dri,76
224069,def,25
224069,phy,68
189615,pac,64
189615,sho,60
189615,pas,75
189615,dri,75
189615,def,77
189615,phy,68
202750,pac,58
202750,sho,36
202750,pas,64
202750,dri,63
202750,def,77
202750,phy,79
226766,pac,83
226766,sho,64
226766,pas,73
226766,dri,85
226766,def,33
226766,phy,50
242187,pac,75
242187,sho,72
242187,pas,73
242187,dri,80
242187,def,44
242187,phy,56
220621,pac,75
220621,sho,73
220621,pas,75
220621,dri,81
220621,def,40
220621,phy,56
227222,pac,74
227222,sho,49
227222,pas,69
227222,dri,72
227222,def,75
227222,phy,78
158625,pac,32
158625,sho,52
158625,pas,68
158625,dri,66
158625,def,79
158625,phy,78
240091,pac,79
240091,sho,78
240091,pas,74
240091,dri,80
240091,def,28
240091,phy,78
208777,pac,59
208777,sho,67
208777,pas,78
208777,dri,81
208777,def,64
208777,phy,50
256612,pac,74
256612,sho,76
256612,pas,63
256612,dri,76
256612,def,25
256612,phy,72
210513,pac,71
210513,sho,76
210513,pas,79
210513,dri,82
210513,def,39
210513,phy,51
215716,pac,64
215716,sho,79
215716,pas,57
215716,dri,71
215716,def,27
215716,phy,87
243647,pac,78
243647,sho,75
243647,pas,72
243647,dri,82
243647,def,30
243647,phy,76
231366,pac,70
231366,sho,28
231366,pas,56
231366,dri,62
231366,def,80
231366,phy,74
241727,pac,77
241727,sho,76
241727,pas,74
241727,dri,81
241727,def,25
241727,phy,79
214092,pac,75
214092,sho,70
214092,pas,76
214092,dri,80
214092,def,31
214092,phy,61
215353,pac,66
215353,sho,78
215353,pas,58
215353,dri,74
215353,def,30
215353,phy,75
256197,pac,83
256197,sho,39
256197,pas,64
256197,dri,71
256197,def,78
256197,phy,74
199833,pac,78
199833,sho,78
199833,pas,63
199833,dri,80
199833,def,32
199833,phy,78
227927,pac,76
227927,sho,43
227927,pas,68
227927,dri,76
227927,def,74
227927,phy,71
194806,pac,49
194806,sho,47
194806,pas,59
194806,dri,55
194806,def,79
194806,phy,77
193469,pac,44
193469,sho,42
193469,pas,65
193469,dri,59
193469,def,79
193469,phy,77
230021,pac,75
230021,sho,27
230021,pas,48
230021,dri,50
230021,def,76
230021,phy,88
236583,pac,81
236583,sho,74
236583,pas,60
236583,dri,84
236583,def,36
236583,phy,69
231410,pac,78
231410,sho,69
231410,pas,76
231410,dri,82
231410,def,30
231410,phy,50
154472,pac,33
154472,sho,83
154472,pas,67
154472,dri,68
154472,def,41
154472,phy,70
176635,pac,69
176635,sho,70
176635,pas,83
176635,dri,79
176635,def,24
176635,phy,46
199576,pac,41
199576,sho,44
199576,pas,62
199576,dri,65
199576,def,80
199576,phy,79
219145,pac,33
219145,sho,42
219145,pas,58
219145,dri,53
219145,def,79
219145,phy,79
168435,pac,77
168435,sho,74
168435,pas,74
168435,dri,75
168435,def,46
168435,phy,81
247103,pac,78
247103,sho,61
247103,pas,69
247103,dri,70
247103,def,77
247103,phy,79
214436,pac,74
214436,sho,57
214436,pas,69
214436,dri,71
214436,def,75
214436,phy,82
198784,pac,80
198784,sho,74
198784,pas,76
198784,dri,81
198784,def,67
198784,phy,74
234568,pac,79
234568,sho,74
234568,pas,75
234568,dri,78
234568,def,71
234568,phy,75
210602,pac,84
210602,sho,73
210602,pas,69
210602,dri,81
210602,def,52
210602,phy,79
211093,pac,78
211093,sho,73
211093,pas,75
211093,dri,78
211093,def,70
211093,phy,75
222357,pac,84
222357,sho,75
222357,pas,70
222357,dri,74
222357,def,51
222357,phy,82
225863,pac,73
225863,sho,49
225863,pas,74
225863,dri,74
225863,def,77
225863,phy,75
247246,pac,74
247246,sho,69
247246,pas,74
247246,dri,77
247246,def,75
247246,phy,77
212269,pac,71
212269,sho,68
212269,pas,77
212269,dri,78
212269,def,73
212269,phy,77
221174,pac,88
221174,sho,80
221174,pas,71
221174,dri,75
221174,def,56
221174,phy,61
245211,pac,81
245211,sho,48
245211,pas,65
245211,dri,68
245211,def,77
245211,phy,79
224425,pac,83
224425,sho,71
224425,pas,71
224425,dri,74
224425,def,66
224425,phy,77
198658,pac,76
198658,sho,63
198658,pas,76
198658,dri,77
198658,def,72
198658,phy,78
231227,pac,72
231227,sho,72
231227,pas,74
231227,dri,78
231227,def,73
231227,phy,73
213242,pac,72
213242,sho,65
213242,pas,73
213242,dri,79
213242,def,78
213242,phy,75
230065,pac,67
230065,sho,71
230065,pas,71
230065,dri,81
230065,def,73
230065,phy,79
207791,pac,78
207791,sho,71
207791,pas,67
207791,dri,74
207791,def,56
207791,phy,82
226789,pac,73
226789,sho,70
226789,pas,76
226789,dri,79
226789,def,69
226789,phy,73
227536,pac,89
227536,sho,76
227536,pas,65
227536,dri,68
227536,def,39
227536,phy,89
215071,pac,83
215071,sho,68
215071,pas,76
215071,dri,80
215071,def,69
215071,phy,79
239807,pac,79
239807,sho,69
239807,pas,76
239807,dri,80
239807,def,65
239807,phy,69
183394,pac,70
183394,sho,61
183394,pas,72
183394,dri,75
183394,def,74
183394,phy,86
188042,pac,75
188042,sho,76
188042,pas,75
188042,dri,83
188042,def,47
188042,phy,69
239613,pac,72
239613,sho,71
239613,pas,75
239613,dri,77
239613,def,71
239613,phy,71
229758,pac,67
229758,sho,73
229758,pas,76
229758,dri,77
229758,def,72
229758,phy,72
220746,pac,80
220746,sho,73
220746,pas,74
220746,dri,81
220746,def,55
220746,phy,61
205855,pac,78
205855,sho,77
205855,pas,71
205855,dri,79
205855,def,38
205855,phy,81
244374,pac,77
244374,sho,72
244374,pas,76
244374,dri,78
244374,def,65
244374,phy,68
193361,pac,68
193361,sho,73
193361,pas,78
193361,dri,79
193361,def,67
193361,phy,71
212127,pac,85
212127,sho,69
212127,pas,74
212127,dri,78
212127,def,65
212127,phy,63
246764,pac,82
246764,sho,58
246764,pas,68
246764,dri,77
246764,def,72
246764,phy,77
225711,pac,72
225711,sho,39
225711,pas,71
225711,dri,74
225711,def,77
225711,phy,76
250723,pac,71
250723,sho,69
250723,pas,74
250723,dri,81
250723,def,69
250723,phy,70
219985,pac,62
219985,sho,71
219985,pas,74
219985,dri,76
219985,def,75
219985,phy,76
208295,pac,61
208295,sho,56
208295,pas,70
208295,dri,66
208295,def,77
208295,phy,79
225793,pac,82
225793,sho,44
225793,pas,61
225793,dri,65
225793,def,76
225793,phy,80
212228,pac,78
212228,sho,76
212228,pas,63
212228,dri,73
212228,def,49
212228,phy,82
216189,pac,79
216189,sho,64
216189,pas,74
216189,dri,74
216189,def,73
216189,phy,85
253306,pac,72
253306,sho,63
253306,pas,71
253306,dri,77
253306,def,73
253306,phy,76
208250,pac,71
208250,sho,78
208250,pas,77
208250,dri,76
208250,def,56
208250,phy,74
247182,pac,70
247182,sho,49
247182,pas,65
247182,dri,70
247182,def,77
247182,phy,76
210047,pac,51
210047,sho,67
210047,pas,70
210047,dri,67
210047,def,78
210047,phy,74
190813,pac,86
190813,sho,74
190813,pas,74
190813,dri,78
190813,def,46
190813,phy,61
222041,pac,70
222041,sho,78
222041,pas,64
222041,dri,78
222041,def,49
222041,phy,80
247328,pac,62
247328,sho,70
247328,pas,75
247328,dri,76
247328,def,74
247328,phy,74
225014,pac,74
225014,sho,65
225014,pas,75
225014,dri,82
225014,def,66
225014,phy,68
213388,pac,70
213388,sho,71
213388,pas,76
213388,dri,79
213388,def,67
213388,phy,67
208787,pac,69
208787,sho,72
208787,pas,77
208787,dri,77
208787,def,65
208787,phy,70
192906,pac,67
192906,sho,79
192906,pas,76
192906,dri,83
192906,def,43
192906,phy,70
211117,pac,65
211117,sho,77
211117,pas,75
211117,dri,78
211117,def,64
211117,phy,71
186537,pac,67
186537,sho,79
186537,pas,69
186537,dri,70
186537,def,48
186537,phy,84
233301,pac,80
233301,sho,67
233301,pas,71
233301,dri,72
233301,def,73
233301,phy,82
212219,pac,69
212219,sho,42
212219,pas,66
212219,dri,69
212219,def,76
212219,phy,81
225403,pac,74
225403,sho,71
225403,pas,79
225403,dri,80
225403,def,58
225403,phy,65
236368,pac,74
236368,sho,62
236368,pas,71
236368,dri,76
236368,def,72
236368,phy,72
171897,pac,61
171897,sho,68
171897,pas,79
171897,dri,79
171897,def,71
171897,phy,68
232104,pac,95
232104,sho,70
232104,pas,69
232104,dri,76
232104,def,47
232104,phy,68
233959,pac,94
233959,sho,73
233959,pas,69
233959,dri,78
233959,def,32
233959,phy,67
237712,pac,78
237712,sho,77
237712,pas,68
237712,dri,73
237712,def,41
237712,phy,76
207884,pac,73
207884,sho,63
207884,pas,66
207884,dri,69
207884,def,76
207884,phy,78
240740,pac,81
240740,sho,68
240740,pas,74
240740,dri,82
240740,def,48
240740,phy,59
236699,pac,60
236699,sho,68
236699,pas,77
236699,dri,78
236699,def,69
236699,phy,72
214026,pac,88
214026,sho,65
214026,pas,73
214026,dri,72
214026,def,72
214026,phy,70
224422,pac,85
224422,sho,73
224422,pas,72
224422,dri,81
224422,def,37
224422,phy,63
188103,pac,68
188103,sho,77
188103,pas,78
188103,dri,80
188103,def,54
188103,phy,66
216258,pac,89
216258,sho,75
216258,pas,68
216258,dri,79
216258,def,34
216258,phy,65
244067,pac,87
244067,sho,33
244067,pas,55
244067,dri,67
244067,def,78
244067,phy,77
237135,pac,81
237135,sho,75
237135,pas,71
237135,dri,80
237135,def,41
237135,phy,74
198657,pac,81
198657,sho,60
198657,pas,70
198657,dri,75
198657,def,72
198657,phy,81
202599,pac,80
202599,sho,75
202599,pas,75
202599,dri,82
202599,def,49
202599,phy,61
257536,pac,79
257536,sho,75
257536,pas,65
257536,dri,74
257536,def,35
257536,phy,82
212187,pac,78
212187,sho,65
212187,pas,77
212187,dri,75
212187,def,70
212187,phy,74
176600,pac,78
176600,sho,77
176600,pas,73
176600,dri,75
176600,def,41
176600,phy,66
198329,pac,77
198329,sho,77
198329,pas,76
198329,dri,78
198329,def,45
198329,phy,69
221491,pac,70
221491,sho,39
221491,pas,64
221491,dri,68
221491,def,78
221491,phy,78
254796,pac,90
254796,sho,71
254796,pas,68
254796,dri,82
254796,def,36
254796,phy,62
205566,pac,81
205566,sho,69
205566,pas,72
205566,dri,77
205566,def,70
205566,phy,69
211368,pac,90
211368,sho,71
211368,pas,69
211368,dri,83
211368,def,32
211368,phy,63
227055,pac,90
227055,sho,70
227055,pas,69
227055,dri,81
227055,def,51
227055,phy,59
232080,pac,80
232080,sho,72
232080,pas,71
232080,dri,79
232080,def,49
232080,phy,69
262621,pac,79
262621,sho,78
262621,pas,74
262621,dri,79
262621,def,48
262621,phy,80
216158,pac,78
216158,sho,62
216158,pas,72
216158,dri,74
216158,def,72
216158,phy,79
225719,pac,73
225719,sho,79
225719,pas,70
225719,dri,77
225719,def,38
225719,phy,70
251804,pac,86
251804,sho,59
251804,pas,74
251804,dri,81
251804,def,69
251804,phy,66
190149,pac,78
190149,sho,64
190149,pas,73
190149,dri,72
190149,def,72
190149,phy,76
215061,pac,75
215061,sho,79
215061,pas,69
215061,dri,75
215061,def,38
215061,phy,70
234777,pac,79
234777,sho,74
234777,pas,75
234777,dri,82
234777,def,53
234777,phy,72
243032,pac,75
243032,sho,76
243032,pas,67
243032,dri,76
243032,def,44
243032,phy,67
124375,pac,74
124375,sho,82
124375,pas,68
124375,dri,70
124375,def,34
124375,phy,77
222509,pac,58
222509,sho,68
222509,pas,77
222509,dri,82
222509,def,66
222509,phy,66
247181,pac,88
247181,sho,69
247181,pas,70
247181,dri,82
247181,def,43
247181,phy,64
188955,pac,76
188955,sho,79
188955,pas,69
188955,dri,76
188955,def,33
188955,phy,71
208224,pac,73
208224,sho,69
208224,pas,78
208224,dri,78
208224,def,55
208224,phy,63
203843,pac,69
203843,sho,69
203843,pas,72
203843,dri,73
203843,def,75
203843,phy,75
206306,pac,57
206306,sho,65
206306,pas,76
206306,dri,74
206306,def,70
206306,phy,74
224221,pac,52
224221,sho,50
224221,pas,68
224221,dri,64
224221,def,77
224221,phy,80
193254,pac,72
193254,sho,65
193254,pas,73
193254,dri,68
193254,def,74
193254,phy,80
226380,pac,81
226380,sho,75
226380,pas,70
226380,dri,78
226380,def,28
226380,phy,70
232223,pac,80
232223,sho,57
232223,pas,72
232223,dri,75
232223,def,72
232223,phy,75
189172,pac,72
189172,sho,72
189172,pas,77
189172,dri,75
189172,def,54
189172,phy,64
235944,pac,69
235944,sho,73
235944,pas,77
235944,dri,75
235944,def,56
235944,phy,64
244176,pac,68
244176,sho,80
244176,pas,71
244176,dri,75
244176,def,32
244176,phy,76
242578,pac,61
242578,sho,47
242578,pas,67
242578,dri,60
242578,def,78
242578,phy,76
24630,pac,75
24630,sho,77
24630,pas,79
24630,dri,76
24630,def,45
24630,phy,79
242374,pac,84
242374,sho,75
242374,pas,69
242374,dri,78
242374,def,31
242374,phy,63
230978,pac,83
230978,sho,76
230978,pas,59
230978,dri,70
230978,def,32
230978,phy,80
220876,pac,81
220876,sho,75
220876,pas,71
220876,dri,77
220876,def,47
220876,phy,61
245541,pac,78
245541,sho,71
245541,pas,74
245541,dri,82
245541,def,36
245541,phy,71
246618,pac,78
246618,sho,75
246618,pas,72
246618,dri,77
246618,def,31
246618,phy,79
193314,pac,78
193314,sho,74
193314,pas,66
193314,dri,80
193314,def,56
193314,phy,76
224041,pac,77
224041,sho,73
224041,pas,78
224041,dri,80
224041,def,47
224041,phy,75
251182,pac,84
251182,sho,58
251182,pas,69
251182,dri,74
251182,def,72
251182,phy,71
232498,pac,84
232498,sho,73
232498,pas,72
232498,dri,80
232498,def,39
232498,phy,63
213150,pac,77
213150,sho,78
213150,pas,73
213150,dri,78
213150,def,48
213150,phy,75
199715,pac,72
199715,sho,76
199715,pas,76
199715,dri,76
199715,def,41
199715,phy,70
201417,pac,68
201417,sho,65
201417,pas,73
201417,dri,73
201417,def,74
201417,phy,75
231627,pac,84
231627,sho,76
231627,pas,60
231627,dri,72
231627,def,30
231627,phy,76
225149,pac,76
225149,sho,76
225149,pas,77
225149,dri,79
225149,def,45
225149,phy,75
223724,pac,74
223724,sho,63
223724,pas,67
223724,dri,70
223724,def,73
223724,phy,80
186627,pac,66
186627,sho,81
186627,pas,72
186627,dri,76
186627,def,25
186627,phy,78
245336,pac,61
245336,sho,42
245336,pas,63
245336,dri,63
245336,def,78
245336,phy,78
190765,pac,50
190765,sho,74
190765,pas,81
190765,dri,75
190765,def,58
190765,phy,72
241202,pac,90
241202,sho,78
241202,pas,60
241202,dri,75
241202,def,24
241202,phy,70
241187,pac,80
241187,sho,52
241187,pas,68
241187,dri,73
241187,def,76
241187,phy,77
216939,pac,79
216939,sho,70
216939,pas,74
216939,dri,81
216939,def,45
216939,phy,78
210736,pac,74
210736,sho,63
210736,pas,75
210736,dri,78
210736,def,73
210736,phy,63
197948,pac,52
197948,sho,57
197948,pas,62
197948,dri,64
197948,def,77
197948,phy,72
216820,pac,90
216820,sho,70
216820,pas,69
216820,dri,81
216820,def,33
216820,phy,65
239482,pac,90
239482,sho,72
239482,pas,66
239482,dri,82
239482,def,32
239482,phy,66
234730,pac,84
234730,sho,52
234730,pas,65
234730,dri,77
234730,def,72
234730,phy,75
210625,pac,83
210625,sho,51
210625,pas,66
210625,dri,71
210625,def,73
210625,phy,81
228789,pac,78
228789,sho,75
228789,pas,71
228789,dri,80
228789,def,45
228789,phy,77
220633,pac,86
220633,sho,76
220633,pas,69
220633,dri,81
220633,def,37
220633,phy,58
211381,pac,79
211381,sho,71
211381,pas,75
211381,dri,84
211381,def,30
211381,phy,56
246186,pac,73
246186,sho,77
246186,pas,63
246186,dri,73
246186,def,31
246186,phy,78
235353,pac,94
235353,sho,76
235353,pas,67
235353,dri,80
235353,def,22
235353,phy,67
225783,pac,88
225783,sho,76
225783,pas,69
225783,dri,77
225783,def,28
225783,phy,68
243559,pac,82
243559,sho,70
243559,pas,74
243559,dri,78
243559,def,41
243559,phy,61
200726,pac,78
200726,sho,74
200726,pas,75
200726,dri,78
200726,def,42
200726,phy,77
139068,pac,69
139068,sho,75
139068,pas,79
139068,dri,80
139068,def,37
139068,phy,66
234226,pac,67
234226,sho,42
234226,pas,56
234226,dri,57
234226,def,78
234226,phy,81
204529,pac,74
204529,sho,78
204529,pas,59
204529,dri,76
204529,def,33
204529,phy,73
178007,pac,44
178007,sho,70
178007,pas,82
178007,dri,76
178007,def,66
178007,phy,67
190584,pac,42
190584,sho,69
190584,pas,76
190584,dri,76
190584,def,75
190584,phy,67
223597,pac,73
223597,sho,53
223597,pas,71
223597,dri,75
223597,def,73
223597,phy,76
228687,pac,71
228687,sho,80
228687,pas,67
228687,dri,76
228687,def,30
228687,phy,68
212678,pac,64
212678,sho,62
212678,pas,77
212678,dri,74
212678,def,74
212678,phy,70
232639,pac,79
232639,sho,71
232639,pas,73
232639,dri,81
232639,def,40
232639,phy,59
238160,pac,73
238160,sho,39
238160,pas,47
238160,dri,60
238160,def,79
238160,phy,80
181820,pac,62
181820,sho,79
181820,pas,76
181820,dri,79
181820,def,35
181820,phy,60
182493,pac,54
182493,sho,48
182493,pas,62
182493,dri,61
182493,def,76
182493,phy,77
205193,pac,64
205193,sho,39
205193,pas,60
205193,dri,63
205193,def,76
205193,phy,75
242656,pac,79
242656,sho,76
242656,pas,73
242656,dri,81
242656,def,38
242656,phy,72
201976,pac,77
201976,sho,76
201976,pas,71
201976,dri,76
201976,def,42
201976,phy,76
216283,pac,68
216283,sho,59
216283,pas,67
216283,dri,77
216283,def,76
216283,phy,70
224019,pac,59
224019,sho,54
224019,pas,73
224019,dri,74
224019,def,70
224019,phy,70
228579,pac,71
228579,sho,53
228579,pas,72
228579,dri,76
228579,def,74
228579,phy,70
189165,pac,40
189165,sho,71
189165,pas,80
189165,dri,72
189165,def,62
189165,phy,74
199393,pac,37
199393,sho,54
199393,pas,61
199393,dri,61
199393,def,77
199393,phy,84
224116,pac,57
224116,sho,79
224116,pas,62
224116,dri,74
224116,def,30
224116,phy,84
230899,pac,85
230899,sho,73
230899,pas,68
230899,dri,82
230899,def,29
230899,phy,60
156616,pac,68
156616,sho,72
156616,pas,80
156616,dri,82
156616,def,30
156616,phy,53
241042,pac,65
241042,sho,47
241042,pas,68
241042,dri,71
241042,def,75
241042,phy,71
202325,pac,56
202325,sho,47
202325,pas,74
202325,dri,75
202325,def,73
202325,phy,72
214766,pac,50
214766,sho,54
214766,pas,54
214766,dri,54
214766,def,78
214766,phy,82
203605,pac,74
203605,sho,44
203605,pas,72
203605,dri,72
203605,def,72
203605,phy,78
244915,pac,69
244915,sho,36
244915,pas,51
244915,dri,55
244915,def,79
244915,phy,80
233267,pac,76
233267,sho,75
233267,pas,67
233267,dri,77
233267,def,38
233267,phy,79
240716,pac,74
240716,sho,50
240716,pas,66
240716,dri,71
240716,def,74
240716,phy,76
222493,pac,63
222493,sho,41
222493,pas,57
222493,dri,53
222493,def,79
222493,phy,76
201505,pac,50
201505,sho,58
201505,pas,68
201505,dri,65
201505,def,78
201505,phy,75
256958,pac,75
256958,sho,71
256958,pas,77
256958,dri,77
256958,def,40
256958,phy,52
216793,pac,68
216793,sho,75
216793,pas,53
216793,dri,71
216793,def,32
216793,phy,80
228295,pac,54
228295,sho,34
228295,pas,61
228295,dri,66
228295,def,78
228295,phy,73
146439,pac,53
146439,sho,80
146439,pas,64
146439,dri,70
146439,def,36
146439,phy,76
201399,pac,62
201399,sho,77
201399,pas,64
201399,dri,72
201399,def,35
201399,phy,68
235036,pac,59
235036,sho,38
235036,pas,55
235036,dri,58
235036,def,78
235036,phy,77
198032,pac,47
198032,sho,33
198032,pas,65
198032,dri,63
198032,def,77
198032,phy,80
241049,pac,75
241049,sho,46
241049,pas,71
241049,dri,72
241049,def,75
241049,phy,67
186682,pac,38
186682,sho,65
186682,pas,72
186682,dri,70
186682,def,75
186682,phy,68
220523,pac,37
220523,sho,54
220523,pas,59
220523,dri,58
220523,def,78
220523,phy,77
231633,pac,62
231633,sho,36
231633,pas,52
231633,dri,56
231633,def,78
231633,phy,78
210679,pac,60
210679,sho,35
210679,pas,51
210679,dri,61
210679,def,79
210679,phy,76
225293,pac,71
225293,sho,76
225293,pas,59
225293,dri,72
225293,def,23
225293,phy,73
218659,pac,69
218659,sho,47
218659,pas,72
218659,dri,72
218659,def,74
218659,phy,69
238896,pac,85
238896,sho,66
238896,pas,68
238896,dri,80
238896,def,32
238896,phy,53
194333,pac,79
194333,sho,72
194333,pas,64
194333,dri,81
194333,def,28
194333,phy,76
204024,pac,42
204024,sho,50
204024,pas,70
204024,dri,71
204024,def,76
204024,phy,73
234835,pac,52
234835,sho,35
234835,pas,58
234835,dri,53
234835,def,79
234835,phy,78
198230,pac,45
198230,sho,40
198230,pas,58
198230,dri,55
198230,def,79
198230,phy,78
193601,pac,50
193601,sho,49
193601,pas,49
193601,dri,56
193601,def,79
193601,phy,71
226601,pac,66
226601,sho,33
226601,pas,45
226601,dri,50
226601,def,79
226601,phy,80
194229,pac,64
194229,sho,39
194229,pas,68
194229,dri,67
194229,def,75
194229,phy,73
